command=cd infra && INTEGRATION=1 BACKEND_LIVE_GATE=1 cargo test -p api --test platform -- --list
head_sha=b7dddead4a367682bf16cf4de37bdaf686af4d99
clean_tree=False
    Finished `test` profile [unoptimized + debuginfo] target(s) in 0.35s
     Running tests/platform.rs (target/debug/deps/platform-37f769d90126a00c)
access_tracker_test::flush_no_ops_when_empty: test
access_tracker_test::flush_writes_to_repo: test
access_tracker_test::multiple_accesses_same_index_coalesce: test
access_tracker_test::record_access_updates_in_memory: test
account_test::account_endpoints_401_without_auth: test
account_test::account_export_returns_exact_profile_payload_without_sensitive_fields: test
account_test::change_password_rejects_current_password_exceeding_max_length: test
account_test::change_password_rejects_new_password_exceeding_max_length: test
account_test::change_password_with_correct_current_succeeds: test
account_test::change_password_wrong_current_password_does_not_leak_account_info: test
account_test::delete_account_already_deleted_returns_401: test
account_test::delete_account_login_after_delete_returns_generic_invalid_credentials_without_leaks: test
account_test::delete_account_rejects_password_exceeding_max_length: test
account_test::delete_account_returns_404_when_soft_delete_reports_missing: test
account_test::delete_account_soft_delete_retains_row_for_audit_visibility: test
account_test::delete_account_with_correct_password_succeeds: test
account_test::delete_account_with_wrong_password_returns_400: test
account_test::delete_account_without_auth_returns_401: test
account_test::delete_account_without_password_hash_returns_400: test
account_test::get_profile_canonicalizes_non_lowercase_billing_plan: test
account_test::get_profile_returns_correct_data: test
account_test::get_profile_returns_shared_billing_plan: test
account_test::update_name_works: test
account_test::update_profile_rejects_name_exceeding_max_length: test
account_test::update_with_empty_name_returns_400: test
alerting_test::alert_severity_round_trip: test
alerting_test::discord_formats_message_correctly: test
alerting_test::discord_severity_colors_are_correct: test
alerting_test::get_recent_alerts_returns_in_reverse_chronological_order: test
alerting_test::get_recent_alerts_with_non_positive_limit_returns_empty: test
alerting_test::log_alert_service_logs_and_attempts_persist: test
alerting_test::mock_handles_empty_metadata: test
alerting_test::mock_records_alerts: test
alerting_test::severity_colors_are_correct: test
alerting_test::slack_formats_message_correctly: test
alerting_test::webhook_delivery_status_resolution_paths_are_correct: test
alerting_test::webhook_not_configured_skips_both_channels: test
alerting_webhook_smoke_test::webhook_alert_with_both_channels_fires_both_posts: test
alerting_webhook_smoke_test::webhook_critical_alert_posts_correct_discord_body: test
alerting_webhook_smoke_test::webhook_critical_alert_posts_correct_slack_body: test
alerting_webhook_smoke_test::webhook_warning_alert_posts_correct_slack_color: test
algolia_import_catalog_finalize::active_create_reservation_blocks_ordinary_index_admission_at_the_limit: test
algolia_import_catalog_finalize::cancelled_finalization_leaves_create_catalog_unpublished: test
algolia_import_catalog_finalize::catalog_lifecycle_write_is_excluded_until_terminal_ack_releases_reservation: test
algolia_import_catalog_finalize::crash_boundaries_recover_from_retained_db_state: test
algolia_import_catalog_finalize::create_import_quota_handoff_counts_one_slot_before_and_after_ack: test
algolia_import_catalog_finalize::create_promoted_finalization_publishes_one_active_catalog_row: test
algolia_import_catalog_finalize::engine_linked_interrupted_not_started_is_rejected_without_mutation: test
algolia_import_catalog_finalize::engine_linked_terminal_matrix_sets_outbox_pending_and_catalog_effects: test
algolia_import_catalog_finalize::gc_retains_before_boundary_and_deletes_released_history_at_ninety_days: test
algolia_import_catalog_finalize::local_absent_dispatch_failure_sets_not_applicable_without_ack_or_reservation: test
algolia_import_catalog_finalize::missing_ack_target_returns_conflict_without_releasing_unrelated_reservation: test
algolia_import_catalog_finalize::non_terminal_and_defensive_release_controls_remain_reserved: test
algolia_import_catalog_finalize::overlapping_engine_ack_winner_releases_before_waiting_soft_delete: test
algolia_import_catalog_finalize::overlapping_soft_delete_winner_fences_waiting_engine_ack: test
algolia_import_catalog_finalize::overlapping_soft_delete_winner_fences_waiting_terminal_finalization: test
algolia_import_catalog_finalize::overlapping_terminal_finalization_winner_publishes_before_waiting_soft_delete: test
algolia_import_catalog_finalize::replacement_promoted_finalization_preserves_one_active_catalog_row: test
algolia_import_catalog_finalize::replacement_promoted_finalization_requires_current_routing_identity: test
algolia_import_catalog_finalize::resumable_engine_failure_is_rejected_without_catalog_or_ack_mutation: test
algolia_import_catalog_finalize::soft_delete_after_ack_retains_released_terminal_truth_without_reopening_reservation: test
algolia_import_catalog_finalize::soft_delete_after_claim_fences_stale_create_and_replace_terminal_finalization: test
algolia_import_catalog_finalize::soft_delete_after_promoted_finalization_retains_catalog_truth_and_fences_ack: test
algolia_import_catalog_finalize::soft_delete_before_claim_fences_create_and_replace_terminal_finalization: test
algolia_import_catalog_finalize::soft_delete_boundaries::soft_delete_cancelled_before_ack_retains_target_and_fences_ack: test
algolia_import_catalog_finalize::soft_delete_boundaries::soft_delete_cancelling_retains_target_and_fences_ack: test
algolia_import_catalog_finalize::soft_delete_boundaries::soft_delete_post_promotion_retains_target_and_fences_ack: test
algolia_import_catalog_finalize::soft_delete_boundaries::soft_delete_pre_promotion_retains_target_and_fences_ack: test
algolia_import_catalog_finalize::soft_delete_boundaries::soft_delete_terminal_failed_retains_target_and_fences_ack: test
algolia_import_catalog_finalize::stale_engine_identity_and_lease_return_fence_lost_without_mutation: test
algolia_import_catalog_finalize::terminal_finalization_replay_and_fences_are_typed_and_no_write: test
algolia_import_catalog_finalize::terminal_matrix_races_preserve_durable_truth_and_catalog_rows: test
algolia_import_job_domain::algolia_cloud_job_eligibility_snapshot_authenticates_owned_healthy_target: test
algolia_import_job_domain::algolia_cloud_job_eligibility_snapshot_rejects_cross_customer_target: test
algolia_import_job_domain::algolia_cloud_job_eligibility_snapshot_rejects_inactive_customer: test
algolia_import_job_domain::algolia_cloud_job_eligibility_snapshot_rejects_missing_target: test
algolia_import_job_domain::algolia_cloud_job_eligibility_snapshot_rejects_unhealthy_target: test
algolia_import_job_domain::algolia_cloud_job_get_for_customer_enforces_ownership_in_sql: test
algolia_import_job_domain::algolia_cloud_job_list_for_customer_exact_full_page_reports_no_more: test
algolia_import_job_domain::algolia_cloud_job_list_for_customer_excludes_erased_and_other_customers: test
algolia_import_job_domain::algolia_cloud_job_list_for_customer_keyset_paginates_without_gaps: test
algolia_import_job_domain::algolia_cloud_job_list_for_customer_orders_newest_first_with_id_tiebreak: test
algolia_import_job_domain::algolia_cloud_job_list_limit_clamps_default_and_max: test
algolia_import_job_domain::algolia_create_accepts_aws_backed_region: test
algolia_import_job_domain::algolia_create_exposes_only_aws_eligible_regions: test
algolia_import_job_domain::algolia_create_import_engine_compatibility_rejects_absent_or_partial_identity_config: test
algolia_import_job_domain::algolia_create_import_engine_compatibility_rejects_incompatible_health_before_persistence: test
algolia_import_job_domain::algolia_create_import_engine_compatibility_uses_shared_admission_and_placement_before_persistence: test
algolia_import_job_domain::algolia_create_rejects_hetzner_backed_region: test
algolia_import_job_domain::algolia_create_rejects_unavailable_aws_region: test
algolia_import_job_domain::algolia_create_rejects_unknown_region: test
algolia_import_job_domain::algolia_destination_admission_reuses_index_lifecycle_seams: test
algolia_import_job_domain::algolia_domain_does_not_copy_lifecycle_quota_placement_or_uid_logic: test
algolia_import_job_domain::algolia_replace_accepts_eligible_aws_target: test
algolia_import_job_domain::algolia_replace_accepts_local_integration_target: test
algolia_import_job_domain::algolia_replace_provider_check_takes_priority_over_other_failures: test
algolia_import_job_domain::algolia_replace_rejects_active_import_lease: test
algolia_import_job_domain::algolia_replace_rejects_active_lifecycle_operation: test
algolia_import_job_domain::algolia_replace_rejects_gcp_oci_bare_metal_unknown_providers: test
algolia_import_job_domain::algolia_replace_rejects_hetzner_provider: test
algolia_import_job_domain::algolia_replace_rejects_inactive_deployment: test
algolia_import_job_domain::algolia_replace_rejects_inactive_vm: test
algolia_import_job_domain::algolia_replace_rejects_missing_flapjack_url: test
algolia_import_job_domain::algolia_replace_rejects_non_standalone_service_types: test
algolia_import_job_domain::algolia_replace_rejects_unhealthy_target: test
algolia_import_job_domain::cloud_and_engine_job_identifiers_have_single_owners: test
algolia_import_job_domain::committed_linkage_requires_ambiguous_pre_send_proof: test
algolia_import_job_domain::concurrent_dispatch_admissions_for_one_client_key_create_once_then_replay: test
algolia_import_job_domain::create_reservation_stays_absent_from_catalog_and_discovery_surfaces: test
algolia_import_job_domain::dispatch_admission_records_ambiguous_intent_and_replays_without_mutation: test
algolia_import_job_domain::dispatch_admission_rolls_back_job_and_epoch_when_ambiguous_intent_fails: test
algolia_import_job_domain::dispatch_guard_blocks_hard_erase_until_the_single_send_window_releases: test
algolia_import_job_domain::dispatch_guard_blocks_soft_delete_until_the_single_send_window_releases: test
algolia_import_job_domain::dispatch_guard_requires_current_ambiguous_generation: test
algolia_import_job_domain::final_key_metadata_owns_source_size_and_canonical_fingerprint: test
algolia_import_job_domain::generic_state_update_cannot_write_dispatch_intent_or_engine_identity: test
algolia_import_job_domain::hard_erase_that_wins_before_dispatch_guard_prevents_send: test
algolia_import_job_domain::migration_creates_distinct_algolia_import_jobs_contract: test
algolia_import_job_domain::migration_creates_singleton_algolia_import_environment_contract: test
algolia_import_job_domain::migration_jobs_route_does_not_own_async_engine_transport_or_reconciliation_loop: test
algolia_import_job_domain::migration_rejects_half_scrubbed_public_jobs: test
algolia_import_job_domain::missing_final_key_source_size_reserves_conservative_bound: test
algolia_import_job_domain::new_import_job_create_destination_has_no_caller_supplied_engine_target: test
algolia_import_job_domain::no_dispatch_failure_requires_absent_intent_proof: test
algolia_import_job_domain::provider_neutral_schema_uses_one_job_table_and_old_rows_decode_as_algolia: test
algolia_import_job_domain::public_model_has_no_secret_or_raw_vendor_payload_fields: test
algolia_import_job_domain::record_dispatch_intent_commits_intent_and_first_epoch_atomically: test
algolia_import_job_domain::replace_dispatch_admission_records_authenticated_ambiguous_intent: test
algolia_import_job_domain::replace_reservation_keeps_existing_target_cataloged_until_promotion: test
algolia_import_job_domain::repository_authenticates_replace_selector_and_derives_destination_identity: test
algolia_import_job_domain::repository_cannot_resurrect_proven_no_dispatch_failure: test
algolia_import_job_domain::repository_distinguishes_absent_terminal_outcome_from_real_all_zero_outcome: test
algolia_import_job_domain::repository_no_dispatch_write_is_atomic_and_refuses_committed_intent: test
algolia_import_job_domain::repository_owns_idempotency_and_canonical_updates: test
algolia_import_job_domain::repository_persists_typed_create_and_replace_destinations: test
algolia_import_job_domain::repository_rejects_unknown_durable_source_provider_values: test
algolia_import_job_domain::same_key_same_size_changed_source_metadata_conflicts: test
algolia_import_job_domain::same_logical_target_visibility_is_customer_isolated: test
algolia_import_job_domain::schema_enforces_engine_owned_resume_mirror: test
algolia_import_job_domain::schema_rejects_invalid_closed_values_and_interrupted_publication: test
algolia_import_job_domain::seal_scrub_work_serializes_only_opaque_reconciliation_identifiers: test
algolia_import_job_domain::soft_deleted_customer_refuses_create_admission_and_replay_without_mutating_retained_job: test
algolia_import_job_domain::soft_deleted_customer_refuses_dispatch_and_no_dispatch_finalizer_without_mutating_retained_job: test
algolia_import_job_domain::stale_customer_generation_cannot_commit_dispatch_intent: test
algolia_import_job_domain::stale_replace_target_binding_is_refused_before_job_insertion: test
algolia_import_job_domain::suspended_then_reactivated_customer_refuses_stale_dispatch_admission_replay: test
algolia_import_job_domain::unknown_source_size_quota_failure_is_atomic: test
algolia_import_job_domain_reservation::active_reservation_allows_different_customers_same_target: test
algolia_import_job_domain_reservation::active_reservation_allows_same_customer_different_targets: test
algolia_import_job_domain_reservation::active_reservation_rejects_concurrent_same_target_create: test
algolia_import_job_domain_reservation::admission_snapshots_active_customer_generation_and_rejects_deleted_customer: test
algolia_import_job_domain_reservation::cancelled_job_releases_reservation: test
algolia_import_job_domain_reservation::create_destination_target_absent_from_customer_tenants: test
algolia_import_job_domain_reservation::elapsed_resume_takeover_preserves_target_exclusion: test
algolia_import_job_domain_reservation::erased_tombstone_selector_releases_active_target_reservation: test
algolia_import_job_domain_reservation::exact_replay_succeeds_after_original_consumes_customer_byte_quota: test
algolia_import_job_domain_reservation::migration_declares_active_reservation_accounting_columns: test
algolia_import_job_domain_reservation::no_dispatch_failure_releases_reservation: test
algolia_import_job_domain_reservation::reservation_lifetime_denominator_matches_model_and_schema_once: test
algolia_import_job_domain_reservation::reservation_lifetime_release_and_retain_match_denominator: test
algolia_import_job_domain_reservation::resumable_failed_retains_reservation: test
algolia_import_job_domain_reservation::resumable_failure_state_retains_reservation_through_update: test
algolia_import_job_domain_reservation::resumed_job_does_not_create_second_reservation: test
algolia_import_job_domain_reservation::soft_deleted_customer_refuses_replace_admission_and_replay_without_mutating_reservation: test
algolia_import_job_domain_reservation::terminal_completed_releases_reservation: test
algolia_import_job_domain_reservation::terminal_failed_not_resumable_releases_reservation: test
algolia_import_job_domain_reservation::terminal_state_update_releases_reservation: test
algolia_import_job_domain_reservation::unknown_disposition_retains_reservation: test
algolia_import_job_domain_reservation_accounting::active_customer_import_job_limit_rejects_with_backend_unavailable: test
algolia_import_job_domain_reservation_accounting::active_customer_reserved_byte_limit_rejects_with_backend_unavailable: test
algolia_import_job_domain_reservation_accounting::active_node_import_job_limit_rejects_with_backend_unavailable: test
algolia_import_job_domain_reservation_accounting::active_reservation_predicate_releases_only_canonical_confirmed_terminal_origins: test
algolia_import_job_domain_reservation_accounting::ambiguous_and_committed_reservations_survive_worker_claim_expiry_and_api_outage: test
algolia_import_job_domain_reservation_accounting::ambiguous_dispatch_admission_remains_an_active_reservation: test
algolia_import_job_domain_reservation_accounting::committed_dispatch_admission_remains_an_active_reservation_without_engine_status: test
algolia_import_job_domain_reservation_accounting::create_reservation_counts_future_index_and_source_bytes: test
algolia_import_job_domain_reservation_accounting::create_reservation_rejects_customer_index_count_quota_race: test
algolia_import_job_domain_reservation_accounting::create_reservation_rejects_projected_customer_storage_quota_race: test
algolia_import_job_domain_reservation_accounting::dispatch_admitted_replace_reservation_uses_final_key_metadata: test
algolia_import_job_domain_reservation_accounting::dispatch_replace_reservation_uses_prior_migration_size_before_customer_total: test
algolia_import_job_domain_reservation_accounting::dispatch_replace_reservation_uses_target_storage_record_not_customer_total: test
algolia_import_job_domain_reservation_accounting::replace_reservation_persists_exact_transient_backup_amplification: test
algolia_import_job_domain_reservation_accounting::replace_reservation_rejects_node_transient_capacity_race: test
algolia_import_job_domain_reservation_accounting::replace_reservation_uses_positive_final_size_delta_only: test
algolia_import_job_domain_reservation_accounting::terminal_no_dispatch_failure_clears_active_customer_limit: test
algolia_import_job_domain_transitions::algolia_cloud_job_repo_cancel_for_customer_concurrent_yields_one_accepted: test
algolia_import_job_domain_transitions::algolia_cloud_job_repo_cancel_for_customer_missing_and_foreign_are_not_found: test
algolia_import_job_domain_transitions::algolia_cloud_job_repo_cancel_for_customer_non_cancellable_is_refused: test
algolia_import_job_domain_transitions::algolia_cloud_job_repo_cancel_for_customer_queued_is_accepted_without_dispatch: test
algolia_import_job_domain_transitions::algolia_cloud_job_repo_resume_for_customer_accepts_then_replays: test
algolia_import_job_domain_transitions::algolia_cloud_job_repo_resume_for_customer_concurrent_yields_one_accepted: test
algolia_import_job_domain_transitions::algolia_cloud_job_repo_resume_for_customer_deadline_equality_and_elapsed_are_not_resumable: test
algolia_import_job_domain_transitions::algolia_cloud_job_repo_resume_for_customer_missing_and_foreign_are_not_found: test
algolia_import_job_domain_transitions::algolia_cloud_job_repo_resume_for_customer_non_resumable_is_refused: test
algolia_import_job_domain_transitions::algolia_cloud_job_repo_resume_for_customer_unhealthy_replace_target_is_backend_unavailable: test
algolia_import_job_domain_transitions::algolia_import_job_domain_cancel_intent_is_atomic_and_idempotent: test
algolia_import_job_domain_transitions::algolia_import_job_domain_claims_elapsed_resume_deadlines_without_finalizing: test
algolia_import_job_domain_transitions::algolia_import_job_domain_deadline_claim_excludes_concurrent_and_active_resume: test
algolia_import_job_domain_transitions::algolia_import_job_domain_deadline_claim_reuses_expired_worker_lease: test
algolia_import_job_domain_transitions::algolia_import_job_domain_resume_intent_is_atomic_and_idempotent: test
algolia_import_job_domain_transitions::algolia_import_job_domain_resume_observation_is_generation_gated_and_monotonic: test
algolia_import_job_domain_transitions::algolia_import_job_domain_transition_owner_accepts_only_declared_edges: test
algolia_import_job_domain_transitions::erased_tombstone_ack_release_compacts_exactly_once: test
algolia_import_job_domain_transitions::erased_tombstone_selector_excludes_resume_deadline_claims_idempotently: test
algolia_import_job_domain_transitions::erased_tombstone_terminal_gc_preserves_reconciliation_truth: test
algolia_import_job_domain_transitions::no_dispatch_failure_is_fully_released_without_ack_work: test
algolia_import_job_domain_transitions::reconciliation_claim_excludes_private_or_unlinked_jobs_without_releasing_them: test
algolia_import_job_domain_transitions::reconciliation_claim_is_exclusive_and_skips_an_active_lease: test
algolia_import_job_domain_transitions::reconciliation_takeover_fences_stale_observation_writes: test
algolia_import_job_domain_transitions::retention_gc_collects_current_generation_at_exact_boundary: test
algolia_import_job_domain_transitions::soft_delete_race_prevents_customer_scoped_resume_dispatch: test
algolia_import_job_domain_transitions::soft_delete_race_prevents_elapsed_resume_deadline_claim: test
algolia_import_job_domain_transitions::soft_deleted_customer_blocks_failed_and_resuming_resume_mutations_without_changing_retained_rows: test
algolia_import_job_domain_transitions::soft_deleted_customer_blocks_state_cancel_and_resume_mutations_without_changing_retained_rows: test
algolia_import_job_domain_transitions::soft_deleted_customer_retains_terminal_ack_and_gc_evidence: test
algolia_import_job_domain_transitions::soft_deleted_customer_selector_exclusions_preserve_all_import_evidence: test
algolia_import_job_domain_transitions::stale_customer_generation_blocks_state_adoption_and_resume_acceptance: test
algolia_import_job_domain_transitions::stale_customer_generation_blocks_terminal_ack_and_retention_gc: test
algolia_import_job_domain_transitions::stale_customer_generation_excludes_elapsed_resume_deadline_claims: test
algolia_import_job_domain_transitions::terminal_status_disposition_matrix_is_closed: test
algolia_migration_engine_contract_test::algolia_migration_engine_contract_fixture_closes_enums_and_errors: test
algolia_migration_engine_contract_test::algolia_migration_engine_contract_fixture_closes_provider_discriminator_and_shared_lifecycle: test
algolia_migration_engine_contract_test::algolia_migration_engine_contract_fixture_closes_routes_and_wire_sets: test
algolia_migration_engine_contract_test::algolia_migration_engine_contract_fixture_closes_top_level_schema: test
algolia_migration_engine_contract_test::algolia_migration_engine_contract_fixture_covers_all_typed_status_arms: test
algolia_migration_engine_contract_test::algolia_migration_engine_contract_fixture_decodes_only_its_closed_status_schema: test
algolia_migration_engine_contract_test::algolia_migration_engine_contract_fixture_enforces_terminal_outcome_legality: test
algolia_migration_engine_contract_test::algolia_migration_engine_contract_fixture_pins_authenticated_privacy_scrub_transport: test
algolia_migration_engine_contract_test::algolia_migration_engine_contract_fixture_pins_engine_and_artifacts: test
algolia_migration_engine_contract_test::algolia_migration_engine_contract_privacy_scrub_rejects_wrong_auth_scheme: test
algolia_migration_engine_contract_test::route_credential_canaries_never_enter_engine_contract_fixture: test
api_key_endpoints_test::create_and_list_round_trip_managed_key_parity_fields: test
api_key_endpoints_test::create_issues_fjc_live_prefix: test
api_key_endpoints_test::create_rejects_empty_name: test
api_key_endpoints_test::create_rejects_name_exceeding_max_length: test
api_key_endpoints_test::create_rejects_non_positive_managed_key_limits: test
api_key_endpoints_test::create_returns_key_only_once: test
api_key_endpoints_test::delete_other_customers_key_returns_404: test
api_key_endpoints_test::delete_revokes_key: test
api_key_endpoints_test::list_returns_keys_without_secrets: test
api_key_endpoints_test::scopes_stored_correctly: test
api_key_endpoints_test::unauthorized_without_auth: test
api_key_repo_test::create_find_list_round_trip_managed_key_parity_fields: test
api_key_repo_test::create_stores_key: test
api_key_repo_test::find_by_prefix_returns_matches: test
api_key_repo_test::list_returns_non_revoked_only: test
api_key_repo_test::revoke_already_revoked_errors: test
api_key_repo_test::revoke_sets_timestamp: test
api_key_repo_test::update_last_used_updates_timestamp: test
aws_provisioner_test::aws_config_instance_profile_optional: test
aws_provisioner_test::aws_config_parses_from_values: test
aws_provisioner_test::aws_from_env_empty_instance_profile_returns_none: test
aws_provisioner_test::aws_from_env_happy_path: test
aws_provisioner_test::aws_from_env_rejects_empty_required_vars: test
aws_provisioner_test::aws_from_env_security_groups_split_cleanly: test
aws_provisioner_test::aws_from_env_trims_required_values: test
aws_provisioner_test::aws_from_env_unset_instance_profile_returns_none: test
aws_provisioner_test::ec2_state_to_vm_status_mapping: test
browser_error_reporting_test::browser_error_report_accepts_valid_payload_and_logs_sanitized_fields: test
browser_error_reporting_test::browser_error_report_is_public_but_auth_rate_limited: test
browser_error_reporting_test::browser_error_report_rejects_invalid_payloads_without_echoing_sensitive_values: test
browser_error_reporting_test::browser_error_report_rejects_malformed_json_without_echoing_sensitive_values: test
browser_error_reporting_test::browser_error_report_rejects_oversized_payload: test
catalog_lifecycle_leases::catalog_lifecycle_acceptance_oracle_does_not_duplicate_writer_denominator: test
catalog_lifecycle_leases::catalog_lifecycle_acceptance_oracle_matches_inventory_dispositions: test
catalog_lifecycle_leases::catalog_lifecycle_commit_rejects_changed_target_identity: test
catalog_lifecycle_leases::catalog_lifecycle_create_commit_rejects_unexpected_target_appearance: test
catalog_lifecycle_leases::catalog_lifecycle_inventory_matches_source_discovery: test
catalog_lifecycle_leases::catalog_lifecycle_inventory_metadata_mutations_fail_closed: test
catalog_lifecycle_leases::catalog_lifecycle_inventory_shape_mutations_fail_closed: test
catalog_lifecycle_leases::catalog_lifecycle_lease_allows_equal_logical_names_across_tenants: test
catalog_lifecycle_leases::catalog_lifecycle_lease_drop_rolls_back_and_releases_target: test
catalog_lifecycle_leases::catalog_lifecycle_lease_invariants::authenticated_replacement_target_refusals_return_stable_public_reasons: test
catalog_lifecycle_leases::catalog_lifecycle_lease_invariants::authenticated_replacement_target_rejects_active_lease_before_quota_checks: test
catalog_lifecycle_leases::catalog_lifecycle_lease_invariants::authenticated_replacement_target_rejects_active_migration: test
catalog_lifecycle_leases::catalog_lifecycle_lease_invariants::elapsed_resume_deadline_transfers_worker_lease_without_releasing_target: test
catalog_lifecycle_leases::catalog_lifecycle_lease_invariants::replacement_fact_validation_maps_public_refusal_reasons: test
catalog_lifecycle_leases::catalog_lifecycle_lease_invariants::replacement_target_authentication_misses_return_destination_changed: test
catalog_lifecycle_leases::catalog_lifecycle_lease_invariants::resumable_credential_failure_keeps_target_excluded_through_resume_race: test
catalog_lifecycle_leases::catalog_lifecycle_lease_invariants::soft_deleted_customer_snapshot_eligibility_refuses_while_target_retained: test
catalog_lifecycle_leases::catalog_lifecycle_lease_race_matrix::expired_claim_matrix_validator_rejects_missing_duplicate_and_unclassified_cells: test
catalog_lifecycle_leases::catalog_lifecycle_lease_race_matrix::extra_race_matrix_registrations_use_canonical_scenario_metadata: test
catalog_lifecycle_leases::catalog_lifecycle_lease_race_matrix::race_matrix_denominator_validator_rejects_bad_metadata: test
catalog_lifecycle_leases::catalog_lifecycle_lease_rejects_same_customer_same_target_contention: test
catalog_lifecycle_leases::catalog_lifecycle_lease_remote_races::admin_seed_create_races_after_intent_before_remote_secret_work: test
catalog_lifecycle_leases::catalog_lifecycle_lease_remote_races::admin_seed_create_races_after_intent_before_remote_secret_work_reservation_wins_resolve: test
catalog_lifecycle_leases::catalog_lifecycle_lease_remote_races::admin_seed_create_races_after_intent_before_remote_secret_work_reservation_wins_seed: test
catalog_lifecycle_leases::catalog_lifecycle_lease_remote_races::cold_tier_failure_rollback_preserves_service_type_drift: test
catalog_lifecycle_leases::catalog_lifecycle_lease_remote_races::cold_tier_intent_blocks_replace_reservation_before_remote_export: test
catalog_lifecycle_leases::catalog_lifecycle_lease_remote_races::cold_tier_intent_blocks_replace_reservation_before_remote_export_reservation_wins_import: test
catalog_lifecycle_leases::catalog_lifecycle_lease_remote_races::cold_tier_intent_blocks_replace_reservation_before_remote_export_reservation_wins_snapshot: test
catalog_lifecycle_leases::catalog_lifecycle_lease_remote_races::create_index_on_shared_vm_remote_failure_rolls_back_owned_intent: test
catalog_lifecycle_leases::catalog_lifecycle_lease_remote_races::create_index_on_shared_vm_reservation_races_after_intent_before_remote_work: test
catalog_lifecycle_leases::catalog_lifecycle_lease_remote_races::create_index_on_shared_vm_reservation_races_after_intent_before_remote_work_reservation_wins: test
catalog_lifecycle_leases::catalog_lifecycle_lease_remote_races::create_index_on_shared_vm_resumes_compatible_provisioning_intent: test
catalog_lifecycle_leases::catalog_lifecycle_lease_remote_races::delete_index_reservation_races_after_intent_before_finalization: test
catalog_lifecycle_leases::catalog_lifecycle_lease_remote_races::delete_index_reservation_races_after_intent_before_finalization_reservation_wins: test
catalog_lifecycle_leases::catalog_lifecycle_lease_remote_races::expired_worker_claim_matrix_covers_retained_states_and_owner_families_once: test
catalog_lifecycle_leases::catalog_lifecycle_lease_remote_races::migration_lifecycle_races_after_intent_before_remote_work: test
catalog_lifecycle_leases::catalog_lifecycle_lease_remote_races::migration_lifecycle_races_after_intent_before_remote_work_reservation_wins_begin: test
catalog_lifecycle_leases::catalog_lifecycle_lease_remote_races::migration_lifecycle_races_after_intent_before_remote_work_reservation_wins_rollback: test
catalog_lifecycle_leases::catalog_lifecycle_lease_remote_races::race_matrix_denominator_matches_blocking_inventory_once: test
catalog_lifecycle_leases::catalog_lifecycle_lease_remote_races::region_failover_races_after_intent_before_remote_work: test
catalog_lifecycle_leases::catalog_lifecycle_lease_remote_races::region_failover_races_after_intent_before_remote_work_reservation_wins: test
catalog_lifecycle_leases::catalog_lifecycle_lease_remote_races::replica_create_remove_races_after_intent_before_remote_work: test
catalog_lifecycle_leases::catalog_lifecycle_lease_remote_races::replica_create_remove_races_after_intent_before_remote_work_remove: test
catalog_lifecycle_leases::catalog_lifecycle_lease_remote_races::replica_create_remove_races_after_intent_before_remote_work_reservation_wins_create: test
catalog_lifecycle_leases::catalog_lifecycle_lease_remote_races::replica_create_remove_races_after_intent_before_remote_work_reservation_wins_remove: test
catalog_lifecycle_leases::catalog_lifecycle_lease_remote_races::restore_lifecycle_races_after_intent_before_remote_work: test
catalog_lifecycle_leases::catalog_lifecycle_lease_remote_races::restore_lifecycle_races_after_intent_before_remote_work_initiate: test
catalog_lifecycle_leases::catalog_lifecycle_lease_remote_races::restore_lifecycle_races_after_intent_before_remote_work_reservation_wins_initiate: test
catalog_lifecycle_leases::catalog_lifecycle_lease_serializes_two_api_workers_racing: test
catalog_lifecycle_leases::catalog_lifecycle_oracle_behavior_mutations_fail_closed: test
catalog_lifecycle_leases::catalog_lifecycle_oracle_inventory_join_mutations_fail_closed: test
catalog_lifecycle_leases::catalog_lifecycle_oracle_rejects_cross_class_fields: test
catalog_lifecycle_leases::catalog_lifecycle_oracle_rejects_duplicate_json_keys: test
catalog_lifecycle_leases::catalog_lifecycle_oracle_rejects_unknown_fields: test
catalog_lifecycle_leases::catalog_lifecycle_oracle_schema_mutations_fail_closed: test
catalog_lifecycle_leases::catalog_live_caller_admission::create_import_reservation_preempts_incompatible_caller_prerequisites: test
catalog_lifecycle_leases::catalog_live_caller_admission::non_replica_same_family_relabel_does_not_match_executed_source: test
catalog_lifecycle_leases::catalog_live_caller_admission::non_replica_writer_keys_select_their_exact_live_entrypoint: test
catalog_lifecycle_leases::catalog_live_caller_admission::replacement_reservation_preempts_cold_tier_source_lookup: test
catalog_lifecycle_leases::catalog_live_caller_admission::replica_writer_keys_select_their_exact_live_entrypoint: test
catalog_lifecycle_leases::cold_tier_rollback_blocks_admission_during_compensation: test
catalog_lifecycle_leases::cold_tier_rollback_rejects_identity_drift_for_snapshot_state: test
catalog_lifecycle_leases::cold_tier_snapshot_blocks_admission_before_export: test
catalog_lifecycle_leases::cold_tier_snapshot_intent_refuses_replacement_admission_during_export: test
catalog_lifecycle_leases::cold_tier_snapshot_rejects_active_import_reservation: test
catalog_lifecycle_leases::cold_tier_snapshot_rejects_active_replace_reservation: test
catalog_lifecycle_leases::cold_tier_transition_blocks_admission_before_eviction: test
catalog_lifecycle_leases::coverage_registrations_are_derived_from_live_fixture_metadata: test
catalog_lifecycle_leases::create_index_on_shared_vm_rejects_active_import_reservation: test
catalog_lifecycle_leases::create_index_on_shared_vm_rejects_active_replace_reservation: test
catalog_lifecycle_leases::delete_index_publishes_deleting_and_invalidates_discovery_before_remote_delete: test
catalog_lifecycle_leases::delete_index_rejects_active_import_reservation: test
catalog_lifecycle_leases::delete_index_rejects_active_replace_reservation: test
catalog_lifecycle_leases::delete_index_remote_failure_rolls_back_deleting_intent: test
catalog_lifecycle_leases::delete_index_resumes_compatible_deleting_intent_without_duplicate_rows: test
catalog_lifecycle_leases::expired_worker_lease_blocks_admin_seed_create_family: test
catalog_lifecycle_leases::expired_worker_lease_blocks_cold_transition_rollback_family: test
catalog_lifecycle_leases::expired_worker_lease_blocks_create_shared_vm_route_family: test
catalog_lifecycle_leases::expired_worker_lease_blocks_import_finalization_delete_family: test
catalog_lifecycle_leases::expired_worker_lease_blocks_migration_begin_rollback_family: test
catalog_lifecycle_leases::expired_worker_lease_blocks_region_failover_family: test
catalog_lifecycle_leases::expired_worker_lease_blocks_replica_create_remove_family: test
catalog_lifecycle_leases::expired_worker_lease_blocks_restore_family: test
catalog_lifecycle_leases::guarded_mutation_allows_create_callback_to_publish_expected_absent_target: test
catalog_lifecycle_leases::guarded_mutation_cancellation_releases_advisory_key: test
catalog_lifecycle_leases::guarded_mutation_rejects_active_import_without_running_callback: test
catalog_lifecycle_leases::guarded_mutation_rejects_identity_drift_without_running_callback: test
catalog_lifecycle_leases::hard_delete_privacy_transition_denominator_rejects_malformed_registrations: test
catalog_lifecycle_leases::hard_delete_privacy_transition_exercises_match_f5p2_inventory_once: test
catalog_lifecycle_leases::identity_drift_denominator_validator_rejects_malformed_labels: test
catalog_lifecycle_leases::import_reservation_blocks_lifecycle_writer: test
catalog_lifecycle_leases::lifecycle_guard_connection_loss_releases_advisory_key: test
catalog_lifecycle_leases::lifecycle_writer_blocks_import_reservation: test
catalog_lifecycle_leases::lifecycle_writer_blocks_replacement_reservation: test
catalog_lifecycle_leases::migration_allows_catalog_lifecycle_intent_tiers_only: test
catalog_lifecycle_leases::migration_begin_rejects_active_replace_reservation: test
catalog_lifecycle_leases::migration_execute_failure_recovery_rejects_identity_drift_without_source_overwrite: test
catalog_lifecycle_leases::migration_execute_failure_reset_rejects_identity_drift: test
catalog_lifecycle_leases::migration_finalize_rejects_identity_drift_without_resuming_destination: test
catalog_lifecycle_leases::migration_rollback_rejects_active_replace_reservation_before_remote_work: test
catalog_lifecycle_leases::migration_rollback_rejects_tier_drift_after_remote_work: test
catalog_lifecycle_leases::privacy_transition_partition_assigns_hard_delete_writers_to_f5p2_and_excludes_reactivate: test
catalog_lifecycle_leases::region_failover_rejects_active_replace_reservation: test
catalog_lifecycle_leases::replacement_reservation_blocks_lifecycle_writer: test
catalog_lifecycle_leases::replica_service_create_replica_rejects_active_replace_reservation: test
catalog_lifecycle_leases::replica_service_remove_replica_rejects_active_replace_reservation: test
catalog_lifecycle_leases::resolve_existing_seed_index_rejects_active_replace_reservation: test
catalog_lifecycle_leases::restore_execute_restore_inner_rejects_identity_drift: test
catalog_lifecycle_leases::restore_handle_restore_failure_rejects_identity_drift: test
catalog_lifecycle_leases::restore_service_initiate_restore_rejects_active_replace_reservation: test
catalog_lifecycle_leases::route_owner_coverage_registrations_match_blocking_inventory_ids_once: test
catalog_lifecycle_leases::route_row_snapshots_detect_business_field_mutations: test
catalog_lifecycle_leases::seed_index_publishes_provisioning_intent_before_remote_secret_work: test
catalog_lifecycle_leases::seed_index_rejects_active_import_reservation: test
catalog_lifecycle_leases::service_owner_coverage_registrations_match_blocking_inventory_ids_once: test
catalog_lifecycle_leases::service_owner_coverage_validator_rejects_bad_registrations: test
catalog_lifecycle_leases::soft_delete_privacy_transition_denominator_rejects_missing_duplicate_new_and_unexercised_writers: test
catalog_lifecycle_leases::soft_delete_privacy_transition_denominator_rejects_unregistered_test_scenarios: test
catalog_lifecycle_leases::soft_delete_privacy_transition_exercises_match_f5p1_inventory_once: test
catalog_lifecycle_leases::soft_deleted_customer_lease_entrypoints_refuse_without_running_mutation: test
catalog_lifecycle_leases::tenant_repo_creates_non_discoverable_provisioning_intent_atomically: test
catalog_lifecycle_leases::tenant_repo_delete_intent_rejects_identity_drift_without_changes: test
catalog_lifecycle_leases::tenant_repo_preserves_drifted_lifecycle_intent: test
catalog_lifecycle_leases::tenant_repo_publish_placement_rejects_identity_drift_without_changes: test
catalog_lifecycle_leases::tenant_repo_publishes_delete_intent_with_active_identity_cas: test
catalog_lifecycle_leases::tenant_repo_removes_matching_lifecycle_intent: test
cold_snapshot_repo_test::cold_snapshot_create_and_get: test
cold_snapshot_repo_test::cold_snapshot_duplicate_prevention: test
cold_snapshot_repo_test::cold_snapshot_find_active_for_index: test
cold_snapshot_repo_test::cold_snapshot_set_failed: test
cold_snapshot_repo_test::cold_snapshot_status_transitions: test
cold_snapshot_repo_test::list_completed_for_billing_returns_completed_only: test
cold_tier_integration_test::cold_storage_usage_endpoint_returns_snapshot_sizes: test
cold_tier_integration_test::scheduler_skips_cold_indexes_in_noisy_neighbor: test
cold_tier_integration_test::scheduler_skips_cold_indexes_in_overload_calc: test
cold_tier_integration_test::scheduler_skips_restoring_indexes_in_unplaced: test
cold_tier_integration_test::tenant_map_includes_tier_field: test
cold_tier_test::candidate_detection_respects_max_candidates_per_cycle: test
cold_tier_test::cold_snapshot_from_hetzner_vm_succeeds: test
cold_tier_test::cold_storage_with_custom_endpoint: test
cold_tier_test::idle_index_detected_as_cold_candidate: test
cold_tier_test::migrating_index_excluded: test
cold_tier_test::pinned_index_excluded: test
cold_tier_test::recent_index_not_cold_candidate: test
cold_tier_test::run_cycle_respects_max_concurrent_snapshots_limit: test
cold_tier_test::snapshot_delete_failure_rolls_back_catalog_state: test
cold_tier_test::snapshot_failure_boundaries_restore_operation_owned_state: test
cold_tier_test::snapshot_failure_retries_next_cycle: test
cold_tier_test::snapshot_pipeline_exports_uploads_evicts: test
cold_tier_test::snapshot_terminal_failure_fires_critical_alert: test
cold_tier_test::snapshot_timeout_rolls_back_catalog_state_and_warns: test
common::builders::tests::builder_threads_oauth_runtime_config_into_app_state: test
common::catalog_live_binding::tests::canonical_selection_and_target_characters_are_safe: test
common::catalog_live_binding::tests::evidence_components_reject_record_delimiters_and_newlines: test
common::catalog_live_binding::tests::live_api_url_must_resolve_to_loopback_host: test
common::catalog_live_binding::tests::live_caller_key_must_belong_to_the_exact_fixture_selection: test
common::integration_helpers::tests::db_url_builds_from_discrete_env_vars_with_password: test
common::integration_helpers::tests::db_url_includes_port_without_user: test
common::integration_helpers::tests::db_url_prefers_explicit_url_env: test
common::integration_helpers::tests::endpoint_reachable_detects_closed_local_port: test
common::integration_helpers::tests::endpoint_reachable_rejects_invalid_url: test
common::integration_helpers::tests::integration_enabled_is_false_when_unset: test
common::integration_helpers::tests::integration_enabled_is_true_only_for_one: test
common::integration_helpers::tests::live_gate_enabled_is_false_for_non_one_values: test
common::integration_helpers::tests::live_gate_enabled_is_false_when_unset: test
common::integration_helpers::tests::live_gate_enabled_is_true_when_set_to_one: test
common::integration_helpers::tests::require_live_continues_when_condition_true_regardless_of_gate: test
common::integration_helpers::tests::require_live_panics_when_gate_on_and_condition_false: test
common::integration_helpers::tests::require_live_skips_silently_when_gate_off_and_condition_false: test
common::live_stripe_helpers::tests::attach_declining_payment_method_reports_invalid_customer_id: test
common::live_stripe_helpers::tests::attach_test_payment_method_reports_invalid_customer_id: test
common::live_stripe_helpers::tests::contract_amount_multiplies_unit_amount_by_quantity: test
common::live_stripe_helpers::tests::expected_starter_amount_requires_positive_integer_env_value: test
common::live_stripe_helpers::tests::webhook_probe_query_accepts_fast_invoice_event_delivery: test
common::mocks::failable_email_service_tests::failable_email_service_forces_failure_for_retries_exhausted_and_skips_delegate: test
common::mocks::failable_email_service_tests::failable_email_service_records_invalid_request_after_in_flight_attempts_start: test
common::mocks::failable_email_service_tests::failable_email_service_tracks_recovered_after_failure_attempt_and_delegates: test
common::mocks::failable_email_service_tests::failable_email_service_tracks_retry_scheduled_attempt_and_delegates: test
common::poll::tests::predicate_can_be_fnmut: test
common::poll::tests::resolves_after_multiple_polls_with_real_sleep: test
common::poll::tests::resolves_immediately_with_predicate_value: test
common::poll::tests::result_variant_returns_error_on_timeout: test
common::poll::tests::result_variant_returns_value_when_predicate_hits: test
common::poll::tests::times_out_and_panics_with_name: test
common::support::pg_schema_harness::tests::embedded_migration_versions_are_unique: test
common::support::pg_schema_harness::tests::isolated_schema_name_rejects_non_identifier_prefixes: test
common::support::pg_schema_harness::tests::quote_pg_identifier_escapes_embedded_quotes: test
cross_repo_contract_test::contract_401_classified_as_deterministic_auth_failure: test
cross_repo_contract_test::contract_403_classified_as_peer_rejected: test
cross_repo_contract_test::contract_constants_match_flapjack_dev: test
cross_repo_contract_test::contract_every_variant_has_nonempty_reason_code: test
cross_tenant_isolation_test::ai_chat_post_blocked_for_foreign_tenant: test
cross_tenant_isolation_test::ai_personalization_profile_delete_blocked_for_foreign_tenant: test
cross_tenant_isolation_test::ai_personalization_profile_get_blocked_for_foreign_tenant: test
cross_tenant_isolation_test::ai_personalization_strategy_delete_blocked_for_foreign_tenant: test
cross_tenant_isolation_test::ai_personalization_strategy_get_blocked_for_foreign_tenant: test
cross_tenant_isolation_test::ai_personalization_strategy_put_blocked_for_foreign_tenant: test
cross_tenant_isolation_test::ai_recommendations_post_blocked_for_foreign_tenant: test
cross_tenant_isolation_test::classic_dictionaries_batch_post_blocked_for_foreign_tenant: test
cross_tenant_isolation_test::classic_dictionaries_languages_get_blocked_for_foreign_tenant: test
cross_tenant_isolation_test::classic_dictionaries_search_post_blocked_for_foreign_tenant: test
cross_tenant_isolation_test::classic_dictionaries_settings_get_blocked_for_foreign_tenant: test
cross_tenant_isolation_test::classic_dictionaries_settings_put_blocked_for_foreign_tenant: test
cross_tenant_isolation_test::classic_search_post_blocked_for_foreign_tenant: test
cross_tenant_isolation_test::classic_settings_get_blocked_for_foreign_tenant: test
cross_tenant_isolation_test::classic_settings_put_blocked_for_foreign_tenant: test
cross_tenant_isolation_test::classic_suggestions_delete_blocked_for_foreign_tenant: test
cross_tenant_isolation_test::classic_suggestions_get_blocked_for_foreign_tenant: test
cross_tenant_isolation_test::classic_suggestions_put_blocked_for_foreign_tenant: test
cross_tenant_isolation_test::classic_suggestions_status_get_blocked_for_foreign_tenant: test
customer_hard_delete_test::hard_erase_active_customer_rejected_with_400: test
customer_hard_delete_test::hard_erase_blocked_by_open_invoices_returns_409: test
customer_hard_delete_test::hard_erase_never_translates_privacy_work_into_engine_cancel: test
customer_hard_delete_test::hard_erase_soft_deleted_customer_returns_204_and_removes_row: test
customer_hard_delete_test::hard_erase_suspended_customer_rejected_with_400: test
customer_hard_delete_test::hard_erase_unknown_customer_returns_404: test
customer_hard_delete_test::repeated_hard_erase_returns_404_after_prior_erase: test
customer_metrics_test::authenticated_200_returns_canonical_six_field_payload: test
customer_metrics_test::cache_expiry_re_scrapes_and_advances_fetched_at: test
customer_metrics_test::cache_hit_returns_stable_fetched_at_with_one_upstream_call: test
customer_metrics_test::cross_tenant_returns_404_without_upstream_call: test
customer_metrics_test::proxy_flapjack_error_does_not_map_to_503: test
customer_metrics_test::proxy_timeout_maps_to_503: test
customer_metrics_test::proxy_unreachable_maps_to_503: test
deployment_repo_test::list_active_excludes_provisioning_without_url: test
deployment_repo_test::list_active_includes_failed_with_flapjack_url: test
deployment_repo_test::list_active_includes_stopped_with_flapjack_url: test
deployment_repo_test::list_active_returns_running_with_flapjack_url: test
deployment_repo_test::list_by_customer_excludes_terminated_by_default: test
deployment_repo_test::mark_failed_provisioning_accepts_engine_health_failure_reason_contract: test
deployment_repo_test::mark_failed_provisioning_stores_engine_health_reason_and_preserves_guard: test
deployment_repo_test::new_columns_default_correctly_on_create_find: test
deployment_repo_test::ordinary_failed_provisioning_has_null_failure_reason_engine_health: test
deployment_repo_test::pg_deployment_bulk_lookup_is_single_any_query: test
deployment_repo_test::pg_deployment_bulk_lookup_matches_any_status_find_semantics: test
deployment_repo_test::terminate_already_terminated_returns_false: test
deployment_repo_test::terminate_clears_failure_reason_when_status_leaves_failed: test
deployment_repo_test::terminate_nonexistent_returns_false: test
deployment_repo_test::terminate_sets_status_and_terminated_at: test
deployment_repo_test::terminated_deployment_has_terminated_at_set: test
deployment_repo_test::update_clears_failure_reason_when_status_leaves_failed: test
deployment_repo_test::update_health_nonexistent_returns_error: test
deployment_repo_test::update_health_sets_fields: test
deployment_repo_test::update_health_transitions_round_trip: test
deployment_repo_test::update_provisioning_nonexistent_returns_none: test
deployment_repo_test::update_provisioning_sets_all_fields: test
deployments_route_removed_test::all_removed_customer_deployment_routes_return_404: test
deployments_route_removed_test::post_deployments_returns_404: test
deployments_test::create_deployment_deleted_tenant_returns_404: test
deployments_test::create_deployment_duplicate_node_id_returns_409: test
deployments_test::create_deployment_invalid_vm_provider_returns_400: test
deployments_test::create_deployment_missing_auth_returns_401: test
deployments_test::create_deployment_response_includes_health_status: test
deployments_test::create_deployment_returns_201: test
deployments_test::create_deployment_unknown_tenant_returns_404: test
deployments_test::list_deployments_deleted_tenant_returns_404: test
deployments_test::list_deployments_empty_returns_200_with_empty_array: test
deployments_test::list_deployments_include_terminated: test
deployments_test::list_deployments_includes_engine_health_failure_reason: test
deployments_test::list_deployments_returns_200_excludes_terminated: test
deployments_test::list_deployments_shows_provisioned_fields: test
deployments_test::list_deployments_unknown_tenant_returns_404: test
deployments_test::seed_index_deleted_tenant_returns_404: test
deployments_test::terminate_deployment_already_terminated_returns_404: test
deployments_test::terminate_deployment_not_found_returns_404: test
deployments_test::terminate_deployment_returns_204: test
deployments_test::update_deployment_cannot_set_status_terminated: test
deployments_test::update_deployment_clears_failure_reason_when_status_leaves_failed: test
deployments_test::update_deployment_empty_body_returns_400: test
deployments_test::update_deployment_invalid_status_returns_400: test
deployments_test::update_deployment_not_found_returns_404: test
deployments_test::update_deployment_returns_200: test
deployments_test::update_deployment_status_failed_returns_200: test
dns_test::mock_create_and_delete_records: test
dns_test::mock_create_is_idempotent_upsert: test
dns_test::mock_create_twice_same_params_succeeds: test
dns_test::mock_delete_nonexistent_is_idempotent: test
dns_test::mock_failure_injection_works: test
dns_test::unconfigured_dns_manager_returns_not_configured: test
email_service_test::auth_email_links_use_explicit_application_base_url: test
email_service_test::invoice_email_with_pdf_url: test
email_service_test::invoice_email_without_pdf_url: test
email_service_test::mailpit_200_returns_ok: test
email_service_test::mailpit_broadcast_sends_pre_wrapped_text_payload_and_tag: test
email_service_test::mailpit_dunning_recovered_after_failure_sends_correct_payload_and_tag: test
email_service_test::mailpit_dunning_retries_exhausted_sends_correct_payload_and_tag: test
email_service_test::mailpit_dunning_retry_scheduled_sends_correct_payload_and_tag: test
email_service_test::mailpit_email_service_rejects_empty_recipient: test
email_service_test::mailpit_email_service_rejects_whitespace_recipient: test
email_service_test::mailpit_email_service_returns_delivery_failed_on_connection_error: test
email_service_test::mailpit_html_only_broadcast_preserves_empty_text_payload_and_tag: test
email_service_test::mailpit_invoice_omits_pdf_link_when_none: test
email_service_test::mailpit_invoice_sends_correct_payload_and_tag_with_pdf: test
email_service_test::mailpit_normalizes_blank_sender_display_name_to_default: test
email_service_test::mailpit_password_reset_sends_correct_payload_and_tag: test
email_service_test::mailpit_quota_warning_sends_correct_payload_and_tag: test
email_service_test::mailpit_returns_delivery_failed_on_422: test
email_service_test::mailpit_returns_delivery_failed_on_500: test
email_service_test::mailpit_trims_trailing_slash_from_api_url: test
email_service_test::mailpit_verification_sends_correct_payload_and_tag: test
email_service_test::noop_email_accepts_non_empty_recipient_for_all_methods: test
email_service_test::noop_email_rejects_blank_or_whitespace_recipient_with_record_validation_error: test
email_service_test::password_reset_email_contains_token_url: test
email_service_test::quota_warning_email_renders_all_fields: test
email_service_test::ses_dunning_recovered_email_attaches_invoice_id_message_tag: test
email_service_test::ses_html_only_broadcast_preserves_empty_text_payload: test
email_service_test::ses_invoice_ready_email_attaches_invoice_id_message_tag: test
email_service_test::ses_send_applies_exactly_one_configuration_set_name: test
email_service_test::ses_send_short_circuits_when_recipient_is_suppressed: test
email_service_test::ses_transactional_payload_includes_override_from_name_and_text_body: test
email_service_test::ses_verification_email_omits_email_tags_array: test
email_service_test::verification_email_contains_token_url: test
email_test::mock_email_rejects_empty_recipient: test
email_test::mock_email_rejects_whitespace_recipient: test
email_test::mock_email_service_captures_dunning_recovered_after_failure_email: test
email_test::mock_email_service_captures_dunning_retries_exhausted_email: test
email_test::mock_email_service_captures_dunning_retry_scheduled_email: test
email_test::mock_email_service_captures_invoice_ready_email: test
email_test::mock_email_service_captures_password_reset_email: test
email_test::mock_email_service_captures_quota_warning_email: test
email_test::mock_email_service_captures_verification_email: test
email_test::mock_email_service_omits_pdf_link_when_pdf_url_missing: test
email_test::mock_email_service_preserves_html_only_broadcast_as_html_only: test
email_test::mock_email_service_preserves_operator_whitespace_in_broadcast_bodies: test
email_test::mock_email_service_records_broadcast_plain_text_as_pre_wrapped_html: test
email_test::mock_email_service_uses_dashboard_fallback_link_when_hosted_invoice_url_missing: test
email_test::quota_warning_helpers_keep_unknown_metric_fallback_behavior: test
email_test::ses_config_defaults_from_name_when_missing_or_blank: test
email_test::ses_config_parses_valid_config: test
email_test::ses_config_rejects_empty_from_address: test
email_test::ses_config_rejects_empty_region: test
email_test::ses_config_rejects_whitespace_from_address: test
email_test::ses_config_rejects_whitespace_region: test
email_test::ses_config_requires_from_address: test
email_test::ses_config_requires_region: test
email_test::ses_config_trims_whitespace: test
email_test::ses_live_smoke_sends_password_reset_email: test
email_test::ses_live_smoke_sends_verification_email: test
email_test::ses_startup_mode_keeps_non_local_absent_ses_on_fail_fast_path: test
email_test::ses_startup_mode_routes_blank_and_partial_to_existing_parser_error_path: test
email_test::ses_startup_mode_uses_noop_only_for_local_mode_with_absent_ses_env: test
email_test::startup_env_snapshot_captures_ses_configuration_set_for_central_ses_parser: test
engine_index_identity::admin_catalog_list_routes_are_catalog_only: test
engine_index_identity::admin_migration_completion_uses_physical_uid_and_node_secret: test
engine_index_identity::caller_denominator_fixture_matches_shared_owner: test
engine_index_identity::caller_denominator_inventory_is_complete: test
engine_index_identity::failure_recovery_cleanup_auth_failure_keeps_source_routing_visible: test
engine_index_identity::failure_recovery_cleanup_uses_physical_uid_and_node_secret: test
engine_index_identity::replica_routes_are_catalog_only_and_keep_terminal_semantics: test
engine_index_identity::rollback_cleanup_uses_physical_uid_and_node_secret: test
engine_index_identity::rollback_refuses_missing_intent_target_identity_before_cleanup: test
engine_index_identity::source_deletion_uses_physical_uid_and_node_secret: test
engine_index_identity::two_customers_with_same_logical_index_use_distinct_physical_uids: test
flapjack_proxy_ai_methods_test::chat_sends_post_to_index_chat_endpoint: test
flapjack_proxy_ai_methods_test::delete_personalization_profile_percent_encodes_user_token_path_segment: test
flapjack_proxy_ai_methods_test::delete_personalization_strategy_sends_delete_to_strategies_endpoint: test
flapjack_proxy_ai_methods_test::get_personalization_profile_percent_encodes_user_token_path_segment: test
flapjack_proxy_ai_methods_test::get_personalization_strategy_sends_get_to_strategies_endpoint: test
flapjack_proxy_ai_methods_test::recommend_sends_post_to_literal_indexes_star_endpoint: test
flapjack_proxy_ai_methods_test::save_personalization_strategy_sends_post_with_body: test
flapjack_proxy_domain_methods_test::delete_qs_config_sends_delete_to_configs_index_name: test
flapjack_proxy_domain_methods_test::delete_rule_sends_delete_to_rules_object_id: test
flapjack_proxy_domain_methods_test::delete_synonym_sends_delete_to_synonyms_object_id: test
flapjack_proxy_domain_methods_test::documents_batch_sends_post_to_batch_endpoint: test
flapjack_proxy_domain_methods_test::documents_browse_sends_post_with_cursor_and_params: test
flapjack_proxy_domain_methods_test::documents_browse_with_cursor_forwards_cursor: test
flapjack_proxy_domain_methods_test::documents_delete_sends_delete_to_object_endpoint: test
flapjack_proxy_domain_methods_test::documents_get_sends_get_to_object_endpoint: test
flapjack_proxy_domain_methods_test::get_index_settings_mirrors_engine_attribute_arrays_to_dashboard_keys: test
flapjack_proxy_domain_methods_test::get_qs_config_sends_get_to_configs_index_name: test
flapjack_proxy_domain_methods_test::get_qs_status_sends_get_to_configs_index_name_status: test
flapjack_proxy_domain_methods_test::get_rule_sends_get_to_rules_object_id: test
flapjack_proxy_domain_methods_test::get_synonym_sends_get_to_synonyms_object_id: test
flapjack_proxy_domain_methods_test::save_rule_sends_put_with_rule_body: test
flapjack_proxy_domain_methods_test::save_synonym_sends_put_with_synonym_body: test
flapjack_proxy_domain_methods_test::search_rules_sends_post_to_rules_search: test
flapjack_proxy_domain_methods_test::search_synonyms_sends_post_to_synonyms_search: test
flapjack_proxy_domain_methods_test::search_synonyms_with_type_filter_includes_type_in_body: test
flapjack_proxy_domain_methods_test::update_index_settings_sends_post_with_body: test
flapjack_proxy_domain_methods_test::upsert_qs_config_creates_when_not_exists: test
flapjack_proxy_domain_methods_test::upsert_qs_config_updates_when_exists: test
flapjack_proxy_migration_test::async_algolia_migration_acknowledge_rejects_non_success_status: test
flapjack_proxy_migration_test::async_algolia_migration_methods_use_authenticated_admin_transport: test
flapjack_proxy_routing_edge_cases_test::analytics_trims_mixed_leading_query_delimiters: test
flapjack_proxy_routing_edge_cases_test::event_debug_trims_mixed_leading_query_delimiters: test
flapjack_proxy_routing_edge_cases_test::experiment_query_params_trim_mixed_leading_delimiters: test
flapjack_proxy_routing_edge_cases_test::experiment_unsupported_method_returns_400_with_uppercased_method: test
flapjack_proxy_test::cache_hit_avoids_ssm_read: test
flapjack_proxy_test::cache_miss_reads_from_ssm: test
flapjack_proxy_test::cache_ttl_expiry_triggers_fresh_ssm_fetch: test
flapjack_proxy_test::cold_cache_returns_error_when_ssm_fails: test
flapjack_proxy_test::create_index_sends_correct_request: test
flapjack_proxy_test::create_search_key_sends_correct_request: test
flapjack_proxy_test::delete_index_sends_correct_request: test
flapjack_proxy_test::flapjack_error_propagates_status: test
flapjack_proxy_test::get_index_settings_returns_settings: test
flapjack_proxy_test::get_index_stats_finds_single_index: test
flapjack_proxy_test::get_index_stats_returns_not_found_for_missing: test
flapjack_proxy_test::list_indexes_parses_response: test
flapjack_proxy_test::pruning_preserves_entries_within_4x_ttl_for_stale_fallback: test
flapjack_proxy_test::secret_error_propagates_when_key_not_found: test
flapjack_proxy_test::stale_cache_used_when_ssm_fails_after_expiry: test
flapjack_proxy_test::test_search_does_not_record_access: test
flapjack_proxy_test::test_search_for_tenant_records_access: test
flapjack_proxy_test::test_search_forwards_query_and_returns_results: test
flapjack_proxy_test::timeout_error_propagates_through_proxy: test
flapjack_proxy_test::unreachable_vm_returns_proxy_error_unreachable: test
free_tier_caps_test::failed_quota_warning_delivery_releases_monthly_claim_for_retry: test
free_tier_caps_test::free_plan_ingest_warning_not_sent_twice_in_same_month: test
free_tier_caps_test::free_plan_max_records_blocks_over_100k: test
free_tier_caps_test::free_plan_max_storage_mb_blocks_over_250mb: test
free_tier_caps_test::free_plan_negative_usage_rows_do_not_trigger_false_quota_exceeded: test
free_tier_caps_test::free_plan_over_cap_ingest_rejection_does_not_send_warning_or_consume_monthly_slot: test
free_tier_caps_test::free_plan_records_ingest_at_80_percent_sends_warning_email: test
free_tier_caps_test::free_plan_storage_ingest_at_80_percent_sends_warning_email: test
free_tier_caps_test::free_plan_storage_over_cap_ingest_rejection_does_not_send_warning_or_consume_monthly_slot: test
free_tier_caps_test::shared_plan_ingest_above_free_caps: test
garage_object_store_test::garage_cold_tier_key_format: test
garage_object_store_test::garage_concurrent_writes: test
garage_object_store_test::garage_large_object_integrity: test
garage_object_store_test::garage_overwrite_semantics: test
garage_object_store_test::garage_put_get_delete_lifecycle: test
gcp_provisioner_test::gcp_config_defaults: test
gcp_provisioner_test::gcp_config_from_env: test
gcp_provisioner_test::gcp_config_requires_token_and_project: test
gcp_provisioner_test::gcp_status_mapping_complete: test
ha_demo_integration_test::kill_rejects_localhost_subdomain_attack: test
ha_demo_integration_test::kill_rejects_prefix_attack_urls: test
ha_demo_integration_test::kill_rejects_remote_url_even_with_admin_auth: test
ha_demo_integration_test::list_vms_returns_seeded_local_vms: test
health_monitor_alert_test::cooldown_prevents_duplicate_alerts: test
health_monitor_alert_test::healthy_to_unhealthy_fires_critical_alert: test
health_monitor_alert_test::provisioning_deployment_does_not_fire_alert: test
health_monitor_alert_test::recovery_alert_includes_duration: test
health_monitor_alert_test::stopped_deployment_healthy_check_does_not_fire_recovery_alert: test
health_monitor_alert_test::unhealthy_to_healthy_fires_info_alert: test
health_monitor_alert_test::warning_fires_after_cooldown_elapses: test
health_monitor_test::await_engine_health_caps_final_attempt_timeout_engine_health: test
health_monitor_test::await_engine_health_caps_final_retry_sleep_engine_health: test
health_monitor_test::await_engine_health_checks_immediately_and_accepts_healthy_engine_health: test
health_monitor_test::await_engine_health_never_answering_exhausts_production_deadline_engine_health: test
health_monitor_test::await_engine_health_production_policy_contract_engine_health: test
health_monitor_test::await_engine_health_rejects_zero_policy_durations_engine_health: test
health_monitor_test::await_engine_health_retries_unhealthy_after_interval_engine_health: test
health_monitor_test::await_engine_health_retries_unreachable_after_interval_engine_health: test
health_monitor_test::await_engine_health_times_out_pending_attempt_then_retries_engine_health: test
health_monitor_test::check_all_processes_multiple_deployments_concurrently: test
health_monitor_test::check_all_with_no_active_deployments_is_safe: test
health_monitor_test::check_all_with_one_slow_health_check_does_not_block_others: test
health_monitor_test::consecutive_failures_mark_unhealthy_after_threshold: test
health_monitor_test::deployments_without_flapjack_url_skipped: test
health_monitor_test::engine_health_common_double_supports_success_failure_retry_and_never_answering: test
health_monitor_test::failed_deployment_not_marked_unhealthy: test
health_monitor_test::healthy_running_deployment_no_op_has_no_spurious_alerts: test
health_monitor_test::healthy_vm_updates_health_status: test
health_monitor_test::provisioning_to_running_on_healthy_check: test
health_monitor_test::recovery_resets_to_healthy: test
health_monitor_test::respects_shutdown_signal: test
health_monitor_test::stopped_deployment_not_marked_unhealthy: test
health_monitor_test::unreachable_counts_as_failure: test
health_test::health_returns_200_with_status_ok: test
heartbeat_publisher_test::heartbeat_publisher_sends_expected_metric_payload: test
hetzner_provisioner_test::hetzner_config_defaults_from_env: test
hetzner_provisioner_test::hetzner_config_from_env: test
hetzner_provisioner_test::hetzner_config_from_env_rejects_invalid_numeric_ids: test
hetzner_provisioner_test::hetzner_from_env_defaultable_fields_trim_and_reject_empty: test
hetzner_provisioner_test::hetzner_from_env_defaultable_fields_trimmed_when_set: test
hetzner_provisioner_test::hetzner_from_env_rejects_empty_token: test
hetzner_provisioner_test::hetzner_from_env_trims_token_whitespace: test
hetzner_provisioner_test::hetzner_status_mapping_complete: test
input_validation_test::admin_broadcast_requires_html_or_text_body: test
input_validation_test::admin_create_tenant_rejects_empty_name: test
input_validation_test::admin_create_tenant_rejects_invalid_email: test
input_validation_test::admin_create_tenant_rejects_name_over_128_chars: test
input_validation_test::admin_update_tenant_rejects_invalid_email: test
input_validation_test::admin_update_tenant_rejects_name_over_128_chars: test
input_validation_test::change_password_rejects_new_password_over_128_chars: test
input_validation_test::create_api_key_accepts_valid_scopes: test
input_validation_test::create_api_key_rejects_empty_name: test
input_validation_test::create_api_key_rejects_empty_scopes: test
input_validation_test::create_api_key_rejects_invalid_scope: test
input_validation_test::create_api_key_rejects_name_over_128_chars: test
input_validation_test::create_api_key_rejects_too_many_scopes: test
input_validation_test::create_index_key_rejects_description_over_1000_chars: test
input_validation_test::create_index_key_rejects_empty_description: test
input_validation_test::create_index_key_rejects_too_many_acls: test
input_validation_test::create_index_key_rejects_whitespace_only_description: test
input_validation_test::rate_override_rejects_invalid_region_multipliers: test
input_validation_test::rate_override_rejects_negative_decimal: test
input_validation_test::rate_override_rejects_negative_minimum_spend: test
input_validation_test::rate_override_rejects_negative_region_multipliers: test
input_validation_test::rate_override_rejects_negative_shared_minimum_spend: test
input_validation_test::register_rejects_email_over_254_chars: test
input_validation_test::register_rejects_name_over_128_chars: test
input_validation_test::register_rejects_password_over_128_chars: test
input_validation_test::reset_password_rejects_password_over_128_chars: test
input_validation_test::test_search_rejects_query_over_1000_chars: test
input_validation_test::update_profile_rejects_name_over_128_chars: test
integration_cold_tier_test::cold_tier_full_lifecycle_s3_round_trip: test
integration_cold_tier_test::helper_tests::cold_storage_access_key_reads_env: test
integration_cold_tier_test::helper_tests::cold_storage_bucket_defaults_to_fjcloud_cold: test
integration_cold_tier_test::helper_tests::cold_storage_endpoint_reads_env: test
integration_flapjack_proxy_test::helper_tests::exact_string_array_accepts_exact_match: test
integration_flapjack_proxy_test::helper_tests::exact_string_array_rejects_superset: test
integration_flapjack_proxy_test::helper_tests::retry_with_delay_returns_last_error_when_exhausted: test
integration_flapjack_proxy_test::helper_tests::retry_with_delay_succeeds_after_transient_failures: test
integration_flapjack_proxy_test::integration_flapjack_health_check: test
integration_flapjack_proxy_test::integration_flapjack_proxy_bogus_key_rejected: test
integration_flapjack_proxy_test::integration_flapjack_proxy_create_index: test
integration_flapjack_proxy_test::integration_flapjack_proxy_create_search_key: test
integration_flapjack_proxy_test::integration_flapjack_proxy_delete_index: test
integration_flapjack_proxy_test::integration_flapjack_proxy_ingest_and_search: test
integration_flapjack_proxy_test::integration_flapjack_proxy_invalid_settings_rejected: test
integration_flapjack_proxy_test::integration_flapjack_proxy_key_authorizes_flapjack_search: test
integration_flapjack_proxy_test::integration_flapjack_proxy_pagination: test
integration_flapjack_proxy_test::integration_flapjack_proxy_read_settings_after_update: test
integration_flapjack_proxy_test::integration_flapjack_proxy_register_and_login: test
integration_flapjack_proxy_test::integration_flapjack_proxy_tenant_independent_indexes: test
integration_flapjack_proxy_test::integration_flapjack_proxy_tenant_isolation_read: test
integration_flapjack_proxy_test::integration_flapjack_proxy_update_settings: test
integration_flapjack_proxy_test::search_hits_validation_rejects_empty_hits: test
integration_flapjack_proxy_test::search_hits_validation_requires_expected_titles: test
integration_health_monitor_test::all_deployments_starting_down_recover_after_unblock: test
integration_health_monitor_test::check_all_tolerates_mixed_unreachable_and_healthy: test
integration_health_monitor_test::flapjack_url_none_deployment_is_safely_ignored: test
integration_health_monitor_test::full_crash_detection_and_recovery_cycle: test
integration_health_monitor_test::health_monitor_detects_flapjack_crash: test
integration_health_monitor_test::health_monitor_recovers_after_flapjack_restart: test
integration_health_monitor_test::repeated_unhealthy_cycles_suppressed_during_cooldown: test
integration_health_monitor_test::stale_deployment_tracking_pruned_after_termination: test
integration_metering_pipeline_test::billing_smoke_uses_pg_usage_repo_read_path: test
integration_metering_pipeline_test::metering_agent_attributes_usage_to_correct_customer_across_two_tenants: test
integration_metering_pipeline_test::metering_agent_captures_real_flapjack_usage: test
integration_metering_pipeline_test::rollup_averages_and_rounds_same_day_gauge_snapshots: test
integration_metering_pipeline_test::rollup_excludes_rows_on_next_day_boundary: test
integration_metering_pipeline_test::rollup_rerun_overwrites_row_after_same_day_mutation: test
integration_metrics_test::integration_metrics_endpoint_returns_prometheus_format: test
integration_smoke_test::integration_smoke_health_check: test
invoicing_compute_test::compute_invoice_applies_customer_egress_carryforward_to_whole_cent_split: test
invoicing_compute_test::compute_invoice_carryforward_only_month_persists_remainder: test
invoicing_compute_test::compute_invoice_for_customer_applies_rate_override_when_present: test
invoicing_compute_test::compute_invoice_for_customer_includes_cold_storage_gb_months: test
invoicing_compute_test::compute_invoice_for_customer_rejects_invalid_persisted_rate_override: test
invoicing_compute_test::compute_invoice_for_customer_returns_not_found_without_active_rate_card: test
invoicing_compute_test::compute_invoice_ignores_other_customers_buckets: test
invoicing_compute_test::compute_invoice_includes_object_storage_from_buckets: test
invoicing_compute_test::compute_invoice_multiple_buckets_aggregated: test
invoicing_compute_test::compute_invoice_object_storage_without_hot_usage: test
invoicing_compute_test::compute_invoice_with_shared_inputs_carryforward_only_month_persists_remainder: test
invoicing_compute_test::compute_invoice_with_shared_inputs_retains_sub_cent_remainder: test
logging_test::caller_request_id_preserved_in_response_and_request_completed_log_full_router: test
logging_test::generated_request_id_matches_request_completed_log_in_full_router: test
logging_test::internal_error_body_masked_and_request_id_preserved_with_full_middleware_stack: test
logging_test::json_log_output_is_valid_json: test
logging_test::panic_in_handler_returns_500: test
logging_test::panic_path_response_metric_and_log_contract_with_full_middleware_stack: test
logging_test::request_completed_log_includes_method_path_status_and_duration_from_full_stack: test
logging_test::request_completed_log_includes_tenant_id_from_jwt: test
logging_test::request_id_appears_in_response: test
logging_test::request_id_generated_when_not_provided: test
logging_test::request_id_preserved_when_provided_in_header: test
logging_test::response_logger_emits_correct_log_level_for_status_codes: test
logging_test::response_logger_uses_provided_span_without_manual_enter: test
metering_multitenant_test::internal_regions_endpoint_excludes_unconfigured_provider_regions: test
metering_multitenant_test::internal_regions_endpoint_returns_available_regions: test
metering_multitenant_test::tenant_map_endpoint_returns_all_active_tenants: test
metering_multitenant_test::tenant_map_falls_back_to_vm_inventory_url_when_deployment_has_none: test
metering_multitenant_test::tenant_map_keeps_flapjack_url_null_when_neither_deployment_nor_vm_has_one: test
metrics_endpoint_test::metrics_reflects_health_requests_count: test
metrics_endpoint_test::metrics_requires_internal_key_header: test
metrics_endpoint_test::metrics_with_valid_internal_key_returns_prometheus_text: test
migration_046_drops_subscriptions_test::subscriptions_table_is_absent_after_migrations: test
migration_053_disputes_test::disputes_schema_queries_do_not_contain_literal_backslashes: test
migration_053_disputes_test::disputes_table_matches_stage1_contract: test
migration_054_password_reset_resend_cooldown_test::migration_054_is_present_in_compiled_set: test
migration_054_password_reset_resend_cooldown_test::password_reset_resend_cooldown_column_schema_contract: test
migration_058_deployment_failure_reason_test::customer_deployments_failure_reason_schema_contract_engine_health: test
migration_058_deployment_failure_reason_test::migration_058_engine_health_failure_reason_is_present_in_compiled_set: test
migration_058_deployment_failure_reason_test::migration_058_source_declares_nullable_text_failure_reason_engine_health: test
migration_059_vm_inventory_reference_guard_test::migration_059_algolia_reservation_predicate_matches_the_rust_owner: test
migration_059_vm_inventory_reference_guard_test::migration_059_inventory_lock_wins_without_deadlocking_reference_publication: test
migration_059_vm_inventory_reference_guard_test::migration_059_reference_publication_wins_without_deadlocking_inventory_lock: test
migration_059_vm_inventory_reference_guard_test::migration_059_vm_inventory_reference_allowed_matrix_is_closed: test
migration_059_vm_inventory_reference_guard_test::migration_059_vm_inventory_reference_blockers_count_only_live_references: test
migration_059_vm_inventory_reference_guard_test::migration_059_vm_inventory_reference_guard_denominator_is_complete: test
migration_059_vm_inventory_reference_guard_test::migration_059_vm_inventory_reference_guard_exposes_canonical_sql_owners: test
migration_059_vm_inventory_reference_guard_test::migration_059_vm_inventory_reference_guard_is_present: test
migration_059_vm_inventory_reference_guard_test::migration_059_vm_inventory_reference_triggers_enforce_the_closed_status_matrix: test
migration_059_vm_inventory_reference_guard_test::pg_vm_inventory_repo_decommissions_once_and_repeats_idempotently: test
migration_059_vm_inventory_reference_guard_test::pg_vm_inventory_repo_inventory_lock_wins_reference_publication: test
migration_059_vm_inventory_reference_guard_test::pg_vm_inventory_repo_reference_publication_wins_inventory_lock: test
migration_059_vm_inventory_reference_guard_test::pg_vm_inventory_repo_rejects_blocked_unknown_and_non_active_retirement: test
migration_059_vm_inventory_reference_guard_test::pg_vm_inventory_repo_reports_exact_live_reference_blockers: test
migration_059_vm_inventory_reference_guard_test::pg_vm_inventory_repo_returns_structured_identity_and_status_conflicts: test
migration_062_algolia_erased_vm_retirement_blocker_test::erased_exact_target_work_blocks_vm_until_absence_and_ack_are_confirmed: test
migration_062_algolia_erased_vm_retirement_blocker_test::migration_062_algolia_erased_vm_retirement_blocker_is_present: test
migration_066_algolia_terminal_outcome_presence_test::migration_066_backfills_erased_rows_before_enforcing_shape: test
migration_068_provider_neutral_algolia_import_jobs_test::migration_068_accepts_explicit_algolia_provider_for_new_rows: test
migration_068_provider_neutral_algolia_import_jobs_test::migration_068_backfills_algolia_provider_without_rewriting_fingerprint: test
migration_068_provider_neutral_algolia_import_jobs_test::migration_068_clears_provider_for_existing_erased_tombstones: test
migration_routes_test::create::algolia_cloud_job_create_accepts_create_request_and_idempotent_replay: test
migration_routes_test::create::algolia_cloud_job_create_accepts_replace_request_and_idempotent_replay: test
migration_routes_test::create::algolia_cloud_job_create_hygiene_distinguishes_public_app_id_from_secret_api_key: test
migration_routes_test::create::algolia_cloud_job_create_maps_pinned_capacity_refusal_to_retained_pressure: test
migration_routes_test::create::algolia_cloud_job_create_rechecks_persisted_vm_before_sensitive_submit: test
migration_routes_test::create::algolia_cloud_job_create_rejects_deleted_customer_create_replay_and_new_key_without_mutating_retained_job: test
migration_routes_test::create::algolia_cloud_job_create_rejects_deleted_customer_replace_replay_and_new_key_without_mutating_retained_job: test
migration_routes_test::create::algolia_cloud_job_create_rejects_final_key_source_permission_without_persisting: test
migration_routes_test::create::algolia_cloud_job_create_rejects_missing_credentials_without_source_call: test
migration_routes_test::create::algolia_cloud_job_create_rejects_missing_source_permission_without_persisting: test
migration_routes_test::create::algolia_cloud_job_create_rejects_source_not_found_without_persisting: test
migration_routes_test::create::algolia_cloud_job_create_rejects_tampered_eligibility_before_source: test
migration_routes_test::create::algolia_cloud_job_create_rejects_unknown_request_field: test
migration_routes_test::create::algolia_cloud_job_create_rejects_when_exposure_disabled: test
migration_routes_test::create::algolia_cloud_job_create_replace_rejects_stale_generation_binding: test
migration_routes_test::create::algolia_cloud_job_create_retains_ambiguous_job_when_linkage_fails_after_engine_acceptance: test
migration_routes_test::create::algolia_cloud_job_create_retains_ambiguous_job_when_socket_result_is_lost: test
migration_routes_test::create::algolia_cloud_job_create_retains_retryable_pressure_without_sensitive_submit: test
migration_routes_test::create::algolia_cloud_job_create_unavailable_source_returns_retryable_503: test
migration_routes_test::create::algolia_cloud_job_inspect_source_tracing_never_reveals_temporary_key: test
migration_routes_test::discovery::algolia_availability_flips_available_when_flag_enabled_and_engine_supports: test
migration_routes_test::discovery::algolia_availability_requires_auth: test
migration_routes_test::discovery::algolia_availability_returns_typed_unavailable_payload: test
migration_routes_test::discovery::algolia_cloud_discovery_acl_error_explains_discovery_and_migration_permissions: test
migration_routes_test::discovery::algolia_cloud_discovery_allows_zero_index_customer_without_deployment_lookup: test
migration_routes_test::discovery::algolia_cloud_discovery_empty_key_returns_typed_invalid_credentials: test
migration_routes_test::discovery::algolia_cloud_discovery_forwards_probe_page_size_override: test
migration_routes_test::discovery::algolia_cloud_discovery_list_indexes_requires_auth: test
migration_routes_test::discovery::algolia_cloud_discovery_maps_service_errors_without_echoing_api_key: test
migration_routes_test::discovery::algolia_cloud_discovery_migrate_route_remains_unregistered: test
migration_routes_test::discovery::algolia_cloud_discovery_rejects_out_of_range_page_size_without_upstream_call: test
migration_routes_test::discovery::algolia_cloud_discovery_requires_volatile_api_key_on_every_cursor_request: test
migration_routes_test::discovery::algolia_cloud_discovery_returns_display_only_metadata_semantics: test
migration_routes_test::discovery::algolia_cloud_job_contract_is_served_with_schema_and_privacy_guards: test
migration_routes_test::discovery::algolia_cloud_job_routes_are_mounted_but_admission_stays_disabled_before_activation: test
migration_routes_test::discovery::legacy_algolia_routes_share_parameterized_neutral_handler_owners: test
migration_routes_test::discovery::list_indexes_is_gated_closed_when_migration_unavailable: test
migration_routes_test::eligibility::algolia_cloud_job_eligibility_exposure_disabled_returns_retryable_backend_unavailable: test
migration_routes_test::eligibility::algolia_cloud_job_eligibility_provider_accepts_available_aws_create_regions: test
migration_routes_test::eligibility::algolia_cloud_job_eligibility_provider_rejects_non_aws_create_targets: test
migration_routes_test::eligibility::algolia_cloud_job_eligibility_provider_rejects_supplied_envelope: test
migration_routes_test::eligibility::algolia_cloud_job_eligibility_schema_rejects_credentials_and_checkpoints: test
migration_routes_test::eligibility::algolia_cloud_job_eligibility_target_accepts_owned_healthy_replace_target: test
migration_routes_test::eligibility::algolia_cloud_job_eligibility_target_finalizes_valid_provider_envelope: test
migration_routes_test::eligibility::algolia_cloud_job_eligibility_target_rejects_cross_customer_envelope: test
migration_routes_test::eligibility::algolia_cloud_job_eligibility_target_rejects_missing_replace_target_without_source_call: test
migration_routes_test::eligibility::algolia_cloud_job_eligibility_target_rejects_provider_name_mismatch: test
migration_routes_test::eligibility::algolia_cloud_job_eligibility_target_rejects_replayed_target_envelope: test
migration_routes_test::eligibility::algolia_cloud_job_eligibility_target_rejects_tampered_envelope: test
migration_routes_test::eligibility::algolia_cloud_job_eligibility_target_rejects_unhealthy_replace_target_as_backpressure: test
migration_routes_test::eligibility::algolia_cloud_job_eligibility_target_requires_an_envelope: test
migration_routes_test::eligibility::algolia_migration_created_shared_deployment_is_immediately_healthy: test
migration_routes_test::eligibility::source_provider_rejection_never_uses_migration_provider_unsupported: test
migration_routes_test::eligibility::unsupported_source_provider_short_circuits_every_route_collaborator: test
migration_routes_test::read::algolia_cloud_job_read_get_missing_and_foreign_return_identical_404: test
migration_routes_test::read::algolia_cloud_job_read_get_returns_public_dto_without_internal_fields: test
migration_routes_test::read::algolia_cloud_job_read_is_not_gated_by_exposure_flag: test
migration_routes_test::read::algolia_cloud_job_read_list_exact_full_page_has_no_cursor: test
migration_routes_test::read::algolia_cloud_job_read_list_exact_multiple_final_page_has_no_cursor: test
migration_routes_test::read::algolia_cloud_job_read_list_paginates_with_signed_cursor: test
migration_routes_test::read::algolia_cloud_job_read_list_rejects_tampered_and_cross_customer_cursor: test
migration_routes_test::read::lifecycle::cancel::algolia_cloud_job_cancel_missing_and_foreign_return_identical_404: test
migration_routes_test::read::lifecycle::cancel::algolia_cloud_job_cancel_non_cancellable_states_return_stable_409: test
migration_routes_test::read::lifecycle::cancel::algolia_cloud_job_cancel_persists_before_send_and_retries_same_engine_intent: test
migration_routes_test::read::lifecycle::cancel::algolia_cloud_job_cancel_queued_owned_job_returns_accepted_public_cancelling: test
migration_routes_test::read::lifecycle::cancel::algolia_cloud_job_cancel_rejects_api_key_body_before_mutation: test
migration_routes_test::read::lifecycle::cancel::algolia_cloud_job_cancel_rejects_deleted_customer_without_mutating_retained_job: test
migration_routes_test::read::lifecycle::cancel::algolia_cloud_job_cancel_rejects_unknown_fields_before_mutation: test
migration_routes_test::read::lifecycle::cancel::algolia_cloud_job_cancel_replays_cancelled_as_ok_without_engine_request: test
migration_routes_test::read::lifecycle::cancel::algolia_cloud_job_cancel_retains_vm_and_backpressure_ambiguity: test
migration_routes_test::read::lifecycle::cancel::algolia_cloud_job_cancel_too_late_retains_nonterminal_reconciliation_state: test
migration_routes_test::read::lifecycle::cancel::algolia_cloud_job_cancel_win_finalizes_terminal_truth: test
migration_routes_test::read::lifecycle::resume::algolia_cloud_job_lifecycle_responses_reject_client_state_and_hide_sentinels: test
migration_routes_test::read::lifecycle::resume::algolia_cloud_job_resume_accepts_failed_and_interrupted_then_replays_resuming: test
migration_routes_test::read::lifecycle::resume::algolia_cloud_job_resume_exposure_disabled_returns_retryable_503_but_cancel_still_works: test
migration_routes_test::read::lifecycle::resume::algolia_cloud_job_resume_missing_and_foreign_return_identical_404_without_source: test
migration_routes_test::read::lifecycle::resume::algolia_cloud_job_resume_non_resumable_states_and_elapsed_deadline_return_409: test
migration_routes_test::read::lifecycle::resume::algolia_cloud_job_resume_refused_specimen_makes_no_source_call_or_mutation_and_stays_non_resumable: test
migration_routes_test::read::lifecycle::resume::algolia_cloud_job_resume_rejects_deleted_customer_without_mutating_retained_job: test
migration_routes_test::read::lifecycle::resume::algolia_cloud_job_resume_repository_backpressure_is_retryable_503_and_reads_cancel_survive: test
migration_routes_test::read::lifecycle::resume::algolia_cloud_job_resume_request_debug_redacts_api_key: test
migration_routes_test::read::lifecycle::resume::algolia_cloud_job_resume_requires_fresh_non_empty_api_key_before_source_or_mutation: test
migration_routes_test::read::lifecycle::resume::algolia_cloud_job_resume_source_failures_preserve_internal_state_and_secret_boundaries: test
migration_routes_test::read::lifecycle::resume::algolia_cloud_job_resume_source_inspection_tracing_redacts_api_key: test
migration_routes_test::read::lifecycle::resume::algolia_cloud_job_resume_validates_server_owned_source_before_mutation: test
migration_test::migration_cache_invalidated_on_flip: test
migration_test::migration_catalog_flip_updates_vm_id: test
migration_test::migration_completed_rollback_after_destination_resume_is_forward_only: test
migration_test::migration_concurrent_limit_enforced: test
migration_test::migration_create_and_list_active: test
migration_test::migration_destination_resume_failure_with_fence_reopen_error_restores_source_routing: test
migration_test::migration_failure_after_catalog_flip_recovers_source_routing: test
migration_test::migration_failure_after_destination_resume_preserves_destination_routing: test
migration_test::migration_failure_cleans_up_destination_replica: test
migration_test::migration_failure_fires_critical_alert: test
migration_test::migration_failure_recovery_restores_routing_even_if_source_resume_fails: test
migration_test::migration_finalize_fence_write_failure_after_invalidation_rolls_back_future_routing: test
migration_test::migration_finalize_set_vm_id_failure_keeps_source_routing: test
migration_test::migration_long_running_fires_warning_alert: test
migration_test::migration_pause_on_source: test
migration_test::migration_refuses_when_internal_key_lookup_fails: test
migration_test::migration_rejects_non_active_destination_vm: test
migration_test::migration_rejects_same_source_and_destination_vm: test
migration_test::migration_replication_lag_timeout_restores_source_routing: test
migration_test::migration_replication_start: test
migration_test::migration_resume_on_destination: test
migration_test::migration_rollback_completed_with_open_source_restore_resumes_source_index: test
migration_test::migration_rollback_cutting_over_resumes_source_index: test
migration_test::migration_rollback_during_replicating_deletes_dest_copy: test
migration_test::migration_rollback_reverts_catalog: test
migration_test::migration_rollback_source_restore_fence_blocks_remote_work: test
migration_test::migration_rollback_unsupported_status_returns_error: test
migration_test::migration_rollback_uses_captured_identity_instead_of_current_target: test
migration_test::migration_service_scheduler_adapter_forwards_reason_and_executes: test
migration_test::migration_success_fires_info_alert: test
multi_provisioner_test::build_vm_provisioner_empty_map_falls_back_to_unconfigured: test
multi_provisioner_test::build_vm_provisioner_single_provider_uses_multi_provider_routing: test
multi_provisioner_test::multi_provisioner_destroy_uses_composite_id: test
multi_provisioner_test::multi_provisioner_malformed_composite_id_returns_error: test
multi_provisioner_test::multi_provisioner_passes_provider_location_and_preserves_customer_region: test
multi_provisioner_test::multi_provisioner_routes_custom_region_to_bare_metal: test
multi_provisioner_test::multi_provisioner_routes_custom_region_to_gcp: test
multi_provisioner_test::multi_provisioner_routes_custom_region_to_oci: test
multi_provisioner_test::multi_provisioner_routes_to_correct_provider: test
multi_provisioner_test::multi_provisioner_stop_start_status_route_correctly: test
multi_provisioner_test::multi_provisioner_unknown_region_returns_error: test
multi_provisioner_test::multi_provisioner_with_single_provider_works: test
multi_provisioner_test::region_config_defaults_include_both_providers: test
multi_provisioner_test::region_config_from_env_parses_json: test
multi_provisioner_test::region_config_get_available_excludes_unavailable: test
node_secret_test::commit_removes_previous_key_state: test
node_secret_test::commit_rotation_keeps_current_key: test
node_secret_test::failed_commit_preserves_overlap_state: test
node_secret_test::failed_rotate_preserves_current_key: test
node_secret_test::get_after_create_returns_key: test
node_secret_test::get_non_existent_returns_error: test
node_secret_test::in_memory_create_and_get_roundtrip: test
node_secret_test::in_memory_get_missing_returns_api_error: test
node_secret_test::in_memory_rotate_and_commit_keeps_new_key: test
node_secret_test::rotate_fails_when_key_missing: test
node_secret_test::rotate_retains_previous_key_for_overlap: test
node_secret_test::rotate_returns_old_and_new_keys: test
node_secret_test::unconfigured_get_returns_not_configured: test
noisy_neighbor_test::admin_get_quotas_returns_404_for_unknown_tenant: test
noisy_neighbor_test::admin_get_quotas_returns_defaults_and_overrides: test
noisy_neighbor_test::admin_put_quotas_rejects_empty_update: test
noisy_neighbor_test::admin_put_quotas_returns_404_for_unknown_tenant: test
noisy_neighbor_test::admin_put_quotas_updates_resource_quota: test
noisy_neighbor_test::proxy_throttle_429_includes_retry_after: test
noisy_neighbor_test::proxy_throttle_does_not_affect_other_tenants: test
noisy_neighbor_test::proxy_throttle_uses_per_index_quota_override: test
noisy_neighbor_test::proxy_throttles_tenant_at_query_rate_limit: test
noisy_neighbor_test::proxy_throttles_tenant_at_write_rate_limit: test
noisy_neighbor_test::quota_enforcement_rejects_excess_indexes: test
noisy_neighbor_test::unknown_index_quota_lookup_does_not_poison_future_quota_cache: test
noisy_neighbor_test::zero_query_quota_override_is_clamped_safely: test
object_store_test::app_state_includes_usable_object_store: test
object_store_test::in_memory_object_store_put_get_delete: test
object_store_test::local_memory_backend_with_absent_cold_storage_env_uses_in_memory_mode: test
object_store_test::local_memory_backend_with_explicit_cold_storage_env_uses_s3_mode: test
object_store_test::non_local_backend_with_absent_cold_storage_env_uses_s3_mode: test
object_store_test::rate_card_cold_storage_override: test
object_store_test::region_resolver_returns_region_specific_store: test
object_store_test::region_resolver_single_always_returns_default: test
object_store_test::s3_object_store_default_uses_aws: test
object_store_test::s3_object_store_with_custom_endpoint_configures_correctly: test
oci_provisioner_test::oci_config_defaults: test
oci_provisioner_test::oci_config_from_env: test
oci_provisioner_test::oci_config_requires_auth_and_instance_fields: test
oci_provisioner_test::oci_status_mapping_complete: test
onboarding_credentials_test::returns_400_when_deployment_still_provisioning: test
onboarding_credentials_test::returns_400_when_no_deployment: test
onboarding_credentials_test::returns_400_when_running_but_no_indexes: test
onboarding_credentials_test::returns_credentials_when_deployment_running: test
onboarding_credentials_test::shared_vm_credentials_use_vm_secret_instead_of_deployment_secret: test
onboarding_test::customer_with_payment_method_returns_has_payment_method: test
onboarding_test::free_customer_completed_with_just_index_even_if_plan_is_uppercase: test
onboarding_test::free_customer_ignores_stripe_lookup_failures: test
onboarding_test::free_customer_status_uses_configured_free_tier_limits: test
onboarding_test::fresh_customer_returns_all_false: test
onboarding_test::fully_onboarded_returns_completed: test
onboarding_test::provisioning_deployment_shows_waiting_step: test
onboarding_test::running_deployment_no_index_shows_create_step: test
onboarding_test::shared_customer_needs_payment_for_completion: test
onboarding_test::shared_customer_still_surfaces_stripe_lookup_failures: test
onboarding_test::shared_customer_suggests_payment_first: test
onboarding_test::status_response_uses_region_not_deployment_field_names: test
openapi_spec_final_test::algolia_cloud_discovery_spec_contains_stage5_operations: test
openapi_spec_final_test::algolia_cloud_discovery_spec_contains_stage5_schemas: test
openapi_spec_final_test::spec_every_operation_has_success_response: test
openapi_spec_final_test::spec_no_empty_tags: test
openapi_spec_final_test::spec_path_count_guard: test
openapi_spec_stages3_5_test::algolia_cloud_discovery_spec_contains_only_stage_1_through_5_paths: test
openapi_spec_stages3_5_test::spec_authenticated_billing_routes_document_401: test
openapi_spec_stages3_5_test::spec_billing_legacy_subscription_routes_are_removed: test
openapi_spec_stages3_5_test::spec_billing_pm_routes_declare_pm_id_path_parameter: test
openapi_spec_stages3_5_test::spec_billing_portal_uses_dedicated_request_response_schemas: test
openapi_spec_stages3_5_test::spec_contains_billing_operations: test
openapi_spec_stages3_5_test::spec_contains_billing_schemas: test
openapi_spec_stages3_5_test::spec_contains_configuration_proxy_operations: test
openapi_spec_stages3_5_test::spec_contains_configuration_schemas: test
openapi_spec_stages3_5_test::spec_contains_document_and_advanced_operations: test
openapi_spec_stages3_5_test::spec_contains_document_schemas: test
openapi_spec_stages3_5_test::spec_contains_index_lifecycle_and_search_operations: test
openapi_spec_stages3_5_test::spec_contains_index_lifecycle_schemas: test
openapi_spec_stages3_5_test::spec_does_not_reference_subscription_status_field: test
openapi_spec_stages3_5_test::spec_public_infrastructure_documents_runtime_error_contract: test
openapi_spec_stages3_5_test::spec_stage4_delete_operations_document_no_content_status: test
openapi_spec_stages3_5_test::spec_stage4_json_proxy_operations_declare_request_bodies: test
openapi_spec_stages3_5_test::spec_stage4_proxy_operations_document_cold_and_not_ready_errors: test
openapi_spec_stages3_5_test::spec_stage4_recommendations_and_chat_use_distinct_tags: test
openapi_spec_test::algolia_cloud_discovery_openapi_surface_is_narrow_and_client_bound: test
openapi_spec_test::migration_http_operations_counts_all_openapi_operation_methods: test
openapi_spec_test::openapi_docs_route_serves_exact_migration_contract_over_http: test
openapi_spec_test::openapi_spec_generates_valid_json: test
openapi_spec_test::openapi_spec_matches_committed_artifact: test
openapi_spec_test::public_infrastructure_openapi_surface_is_public_and_schema_bound: test
openapi_spec_test::spec_authenticated_stage2_routes_document_401_error_response: test
openapi_spec_test::spec_contains_auth_operations: test
openapi_spec_test::spec_contains_auth_schemas: test
openapi_spec_test::spec_contains_lifecycle_operations: test
openapi_spec_test::spec_contains_lifecycle_schemas: test
openapi_spec_test::spec_delete_api_key_declares_key_id_path_parameter: test
openapi_spec_test::spec_documents_all_runtime_analytics_operations: test
openapi_spec_test::spec_free_tier_limits_schema_uses_mb_storage_key: test
openapi_spec_test::spec_lifecycle_routes_do_not_override_bearer_with_public_security: test
openapi_spec_test::spec_public_routes_override_bearer_security: test
openapi_spec_test::spec_resend_password_reset_documents_stage1_status_matrix: test
openapi_spec_test::spec_resend_verification_documents_stage3_status_matrix: test
openapi_spec_test::spec_stage5_documents_public_security_and_response_contracts: test
panics_publisher_test::panics_publisher_sends_per_period_panic_deltas: test
pg_customer_repo_schema_harness_test::cleanup_schema_drops_isolated_schema: test
pg_customer_repo_schema_harness_test::db_harness_drop_cleans_schema_after_panic_unwind: test
pg_customer_repo_schema_harness_test::missing_database_url_is_a_hard_test_failure: test
pg_customer_repo_test::claim_ingest_quota_warning_is_monthly_per_metric_and_atomic: test
pg_customer_repo_test::create_and_link_oauth_customer_flow_preserves_existing_identity_on_conflict: test
pg_customer_repo_test::create_customer_has_zero_carryforward: test
pg_customer_repo_test::create_with_password_has_zero_carryforward: test
pg_customer_repo_test::deleted_customer_cutoff_selector_filters_and_orders_by_deleted_at_then_id: test
pg_customer_repo_test::deleted_customer_cutoff_selector_tie_breaks_equal_deleted_at_by_id: test
pg_customer_repo_test::hard_delete_rejects_customers_with_open_invoices: test
pg_customer_repo_test::hard_delete_removes_customer_and_dependents_then_404s_on_repeat: test
pg_customer_repo_test::hard_delete_scrubs_algolia_jobs_and_retains_reconciliation_tombstone_matrix: test
pg_customer_repo_test::list_aggregates_billing_health_inputs_without_duplicate_customer_rows: test
pg_customer_repo_test::lockout_concurrent_failures_reach_exact_count: test
pg_customer_repo_test::lockout_record_failed_login_increments_and_eventually_locks: test
pg_customer_repo_test::lockout_successful_login_resets_counters: test
pg_customer_repo_test::oauth_identity_link_enforces_provider_user_uniqueness: test
pg_customer_repo_test::oauth_identity_link_rejects_deleted_customer_rows: test
pg_customer_repo_test::oauth_identity_lookup_returns_linked_customer: test
pg_customer_repo_test::reactivate_cannot_cross_soft_delete_generation_fence: test
pg_customer_repo_test::reactivation_advances_lifecycle_generation: test
pg_customer_repo_test::resend_password_reset_cooldown_persists_across_repo_reload: test
pg_customer_repo_test::resend_verification_cooldown_persists_across_repo_reload: test
pg_customer_repo_test::reset_password_succeeds_even_when_deferred_reset_lockout_columns_are_active: test
pg_customer_repo_test::rollback_ingest_quota_warning_reopens_same_month_claim: test
pg_customer_repo_test::rollback_password_reset_resend_restores_previous_token_and_cooldown_state: test
pg_customer_repo_test::rollback_resend_verification_restores_previous_token_and_cooldown_state: test
pg_customer_repo_test::set_and_read_carryforward_round_trips: test
pg_customer_repo_test::set_carryforward_on_deleted_customer_returns_false: test
pg_customer_repo_test::soft_delete_increments_lifecycle_generation_exactly_once: test
pg_customer_repo_test::soft_delete_preserves_recovery_evidence_and_generation_fence: test
pg_customer_repo_test::soft_delete_retains_row_and_is_idempotent: test
pg_customer_repo_test::subscription_cycle_anchor_round_trip_and_clear_with_none: test
pg_customer_repo_test::try_upgrade_to_shared_atomic_allows_exactly_one_concurrent_winner: test
pg_customer_repo_test::try_upgrade_to_shared_atomic_returns_false_without_mutation_for_shared_or_deleted_rows: test
pg_customer_repo_test::verify_email_succeeds_even_when_deferred_verify_lockout_columns_are_active: test
pg_dispute_repo_test::upsert_is_idempotent_by_stripe_dispute_id: test
pg_dispute_repo_test::upsert_persists_nullable_invoice_id: test
pg_dispute_repo_test::upsert_updates_lifecycle_status_transition_fields: test
pg_dispute_repo_test::upsert_with_null_invoice_id_preserves_existing_invoice_link: test
pg_webhook_event_repo_test::count_stale_unprocessed_counts_only_unprocessed_rows_older_than_threshold: test
pg_webhook_event_repo_test::find_by_stripe_event_id_returns_none_when_no_rows: test
pg_webhook_event_repo_test::find_by_stripe_event_id_returns_seeded_row_shape: test
pg_webhook_event_repo_test::find_latest_invoice_id_by_payment_intent_finds_seeded_row: test
pg_webhook_event_repo_test::find_latest_invoice_id_by_payment_intent_returns_none_when_no_rows: test
pg_webhook_event_repo_test::try_insert_same_event_id_has_single_winner_under_concurrency: test
placement_test::placement_allows_fresh_vm: test
placement_test::placement_batch_decreasing_order: test
placement_test::placement_empty_vm_chosen_for_first_index: test
placement_test::placement_excludes_draining_vms: test
placement_test::placement_excludes_full_vms: test
placement_test::placement_excludes_stale_vm: test
placement_test::placement_excludes_vm_with_null_load_scraped_at: test
placement_test::placement_prefers_fresh_vm_over_stale_even_if_stale_has_more_capacity: test
placement_test::placement_rejects_index_exceeding_any_single_dimension: test
placement_test::placement_returns_none_when_no_capacity: test
placement_test::placement_scores_complementary_workloads_higher: test
placement_test::resource_vector_add: test
placement_test::resource_vector_dot_normalized_equal_weights: test
placement_test::resource_vector_dot_normalized_zero_capacity_safe: test
placement_test::resource_vector_dot_product_basic: test
placement_test::resource_vector_exceeds_capacity: test
placement_test::resource_vector_from_empty_json: test
placement_test::resource_vector_from_json_missing_fields_default_to_zero: test
placement_test::resource_vector_json_round_trip: test
placement_test::resource_vector_total_weight_ordering: test
pricing_compare_test::pricing_compare_estimates_sorted_cheapest_first: test
pricing_compare_test::pricing_compare_exposes_verification_labels: test
pricing_compare_test::pricing_compare_flapjack_cloud_contract: test
pricing_compare_test::pricing_compare_line_items_have_required_fields: test
pricing_compare_test::pricing_compare_omits_retired_meilisearch_usage_provider: test
pricing_compare_test::pricing_compare_rejects_invalid_avg_document_size: test
pricing_compare_test::pricing_compare_rejects_invalid_document_count: test
pricing_compare_test::pricing_compare_rejects_malformed_json: test
pricing_compare_test::pricing_compare_rejects_missing_fields: test
pricing_compare_test::pricing_compare_requires_no_authentication: test
pricing_compare_test::pricing_compare_returns_comparison_result_for_valid_workload: test
privacy_exact_erasure_acceptance::privacy_exact_erasure_acceptance_reaches_exact_absence: test
privacy_exact_erasure_receipt_test::privacy_exact_erasure_receipt_records_exact_counts: test
privacy_exact_erasure_receipt_test::privacy_exact_erasure_receipt_rejects_drifted_evidence: test
provisioner_test::mock_create_vm_returns_instance: test
provisioner_test::mock_destroy_nonexistent_is_idempotent: test
provisioner_test::mock_destroy_vm_removes_instance: test
provisioner_test::mock_failure_injection_works: test
provisioner_test::mock_get_status_nonexistent_returns_vm_not_found: test
provisioner_test::mock_get_status_returns_current: test
provisioner_test::mock_start_nonexistent_returns_vm_not_found: test
provisioner_test::mock_start_running_returns_invalid_state: test
provisioner_test::mock_stop_nonexistent_returns_vm_not_found: test
provisioner_test::mock_stop_pending_returns_invalid_state: test
provisioner_test::mock_stop_start_changes_status: test
provisioner_test::mock_vm_count_reflects_creates_and_destroys: test
provisioner_test::unconfigured_create_vm_returns_not_configured: test
provisioner_test::unconfigured_destroy_vm_returns_not_configured: test
provisioner_test::unconfigured_get_vm_status_returns_not_configured: test
provisioner_test::unconfigured_start_vm_returns_not_configured: test
provisioner_test::unconfigured_stop_vm_returns_not_configured: test
provisioning_teardown_seam_test::teardown_vm_resources_absent_provider_vm_id_and_hostname_are_not_applicable: test
provisioning_teardown_seam_test::teardown_vm_resources_continue_best_effort_continues_after_instance_failure: test
provisioning_teardown_seam_test::teardown_vm_resources_deletes_current_and_previous_node_api_keys: test
provisioning_teardown_seam_test::teardown_vm_resources_deletes_instance_first_and_reports_removed_resources: test
provisioning_teardown_seam_test::teardown_vm_resources_halt_teardown_skips_dns_and_key_after_instance_failure: test
public_infrastructure_test::bulk_repository_mocks_omit_missing_unique_inputs_without_legacy_fanout: test
public_infrastructure_test::empty_published_inventory_skips_bulk_fetches: test
public_infrastructure_test::forced_cache_expiry_recomputes_exactly_once: test
public_infrastructure_test::public_infrastructure_excludes_tenantless_and_terminated_capacity: test
public_infrastructure_test::public_infrastructure_never_leaks_per_machine_detail: test
public_infrastructure_test::repository_error_is_retried_not_cached: test
public_infrastructure_test::second_request_within_ttl_uses_cached_response: test
public_infrastructure_test::uncached_compute_uses_exactly_three_bulk_round_trips: test
public_site_test::favicon_and_preview_image_are_served_with_asset_content_types: test
public_site_test::robots_txt_blocks_generic_crawlers_and_allows_unfurl_bots: test
public_site_test::root_serves_public_landing_page_with_review_metadata: test
rate_card_test::get_rate_card_200_base_card_no_override: test
rate_card_test::get_rate_card_200_with_override: test
rate_card_test::get_rate_card_404_deleted_tenant: test
rate_card_test::get_rate_card_404_no_active_rate_card: test
rate_card_test::get_rate_card_404_unknown_tenant: test
rate_card_test::set_rate_override_200_creates_new: test
rate_card_test::set_rate_override_200_supports_cold_and_minimum_fields: test
rate_card_test::set_rate_override_200_supports_object_storage_fields: test
rate_card_test::set_rate_override_200_supports_shared_minimum_field_only: test
rate_card_test::set_rate_override_200_updates_existing: test
rate_card_test::set_rate_override_400_empty_body: test
rate_card_test::set_rate_override_400_invalid_decimal: test
rate_card_test::set_rate_override_401_missing_auth: test
rate_card_test::set_rate_override_404_deleted_tenant: test
rate_card_test::set_rate_override_404_no_active_rate_card: test
rate_card_test::set_rate_override_404_unknown_tenant: test
region_failover_test::failover_config_defaults_are_sensible: test
region_failover_test::failover_config_from_reader_reads_all_vars: test
region_failover_test::failover_config_invalid_values_fall_back_to_defaults: test
region_failover_test::region_failover_anti_flap_prevents_down_transition: test
region_failover_test::region_failover_clears_tracking_after_down_degraded_healthy: test
region_failover_test::region_failover_continues_failover_for_new_indexes_while_region_stays_down: test
region_failover_test::region_failover_degraded_to_down_transition: test
region_failover_test::region_failover_full_lifecycle_alert_sequence: test
region_failover_test::region_failover_healthy_region_stays_healthy: test
region_failover_test::region_failover_no_replica_fires_warning_without_panic: test
region_failover_test::region_failover_no_replica_warning_includes_metadata: test
region_failover_test::region_failover_partial_health_sets_degraded: test
region_failover_test::region_failover_promotes_replica_when_region_goes_down: test
region_failover_test::region_failover_recovery_fires_alert_without_automatic_switchback: test
region_failover_test::region_failover_recovery_requires_sustained_healthy_cycles: test
region_failover_test::region_failover_recovery_scoped_to_region: test
region_failover_test::region_failover_selects_lowest_lag_replica: test
region_failover_test::region_failover_skips_unhealthy_replica_vm_even_with_lower_lag: test
region_failover_test::region_failover_spawn_stops_on_shutdown_signal: test
region_failover_test::region_failover_suspends_promoted_replica: test
reliability_api_crash_test::complete_provisioning_rejects_non_provisioning_deployment: test
reliability_api_crash_test::concurrent_complete_provisioning_single_winner_no_duplicate_side_effects: test
reliability_api_crash_test::dns_creation_failure_cleans_up_vm_and_ssm: test
reliability_api_crash_test::ssm_failure_during_rollback_still_marks_deployment_failed: test
reliability_api_crash_test::vm_creation_failure_cleans_up_ssm_secret: test
reliability_cold_tier_test::s3_auth_revocation_during_snapshot_upload_fires_critical_alert: test
reliability_cold_tier_test::s3_recovery_after_auth_fix_completes_snapshot: test
reliability_cold_tier_test::s3_upload_failure_returns_cold_tier_error_upload: test
reliability_failure_injection_test::api_kill_during_mutation_rolls_back_without_orphaned_state: test
reliability_failure_injection_test::dependency_auth_revocation_trips_circuit_breaker_after_threshold: test
reliability_failure_injection_test::flapjack_crash_during_replication_marks_failed_without_progressing_state: test
reliability_failure_injection_test::metering_db_disconnect_returns_500_with_bounded_attempts_then_recovers: test
reliability_failure_injection_test::usage_summary_repo_call_fails_once_on_disconnect_then_recovers: test
reliability_migration_test::cutover_abort_on_dest_failure_restores_source_routing: test
reliability_migration_test::cutover_abort_restores_routing_even_when_source_resume_fails: test
reliability_migration_test::migration_pressure_allows_after_slot_freed: test
reliability_migration_test::migration_pressure_rejects_when_at_capacity: test
reliability_profile_freshness_test::bootstraps_missing_profiles_from_seed_script: test
reliability_profile_freshness_test::profile_artifacts_exist: test
reliability_profile_freshness_test::profile_artifacts_not_stale: test
reliability_profile_freshness_test::profile_disk_drift_within_tolerance: test
reliability_profile_freshness_test::profile_mem_drift_within_tolerance: test
reliability_profile_freshness_test::profile_schema_valid: test
reliability_profile_freshness_test::stale_profile_fails_with_clear_error_context: test
reliability_profile_freshness_test::summary_artifact_exists: test
replica_service_test::create_replica_assigns_active_vm_in_target_region: test
replica_service_test::create_replica_ignores_failed_replicas_for_limit: test
replica_service_test::create_replica_rejects_unavailable_region: test
restore_test::get_restore_status_returns_active_job: test
restore_test::get_restore_status_returns_completed_job_after_completion: test
restore_test::restore_at_capacity_returns_at_limit: test
restore_test::restore_cold_index_returns_job_id: test
restore_test::restore_download_failure_does_not_corrupt_snapshot: test
restore_test::restore_download_failure_resets_tier_to_cold: test
restore_test::restore_failure_resets_tier_to_cold: test
restore_test::restore_idempotent_for_same_index: test
restore_test::restore_legacy_compact_object_key_falls_back_to_source_vm_region: test
restore_test::restore_malformed_region_key_falls_back_to_source_vm_region: test
restore_test::restore_non_cold_index_returns_error: test
restore_test::restore_pipeline_downloads_imports_activates: test
restore_test::restore_timeout_marks_job_failed: test
restore_test::restore_uses_region_from_snapshot_object_key_when_source_vm_missing: test
retention_job_test::retention_job_erases_only_api_selected_eligible_customer: test
scheduler_test::in_flight_dedup_is_per_cycle_only: test
scheduler_test::migration_failure_preserves_overload_timer: test
scheduler_test::noisy_neighbor_migration_after_prolonged_quota_overage: test
scheduler_test::noisy_neighbor_no_capacity_fires_admin_attention_alert: test
scheduler_test::noisy_neighbor_no_capacity_flag_prevents_duplicate_alerts: test
scheduler_test::noisy_neighbor_uses_default_quotas_when_override_missing: test
scheduler_test::noisy_neighbor_warning_alert_after_sustained_quota_overage: test
scheduler_test::overload_clears_timer_when_load_drops: test
scheduler_test::overload_does_not_migrate_to_vm_with_failed_scrape: test
scheduler_test::overload_duration_gates_migration: test
scheduler_test::overload_re_migration_allowed_on_subsequent_cycle: test
scheduler_test::overload_triggers_migration_of_heaviest_index: test
scheduler_test::placement_uses_profile_artifacts_consistently: test
scheduler_test::run_cycle_does_not_update_load_scraped_at_on_scrape_failure: test
scheduler_test::run_cycle_handles_repo_list_active_failure_gracefully: test
scheduler_test::run_cycle_scrapes_metrics_and_updates_vm_load: test
scheduler_test::run_cycle_sets_load_scraped_at_on_success: test
scheduler_test::run_cycle_uses_previous_counters_for_rps_delta: test
scheduler_test::run_cycle_uses_vm_hostname_secret_for_internal_scrapes: test
scheduler_test::scheduler_alerts_when_no_same_provider_capacity: test
scheduler_test::scheduler_config_defaults_when_env_missing: test
scheduler_test::scheduler_config_enforces_public_refresh_floor: test
scheduler_test::scheduler_config_invalid_values_fall_back_to_defaults: test
scheduler_test::scheduler_config_reads_env_values: test
scheduler_test::scheduler_overload_no_destination_capacity_does_not_overcommit: test
scheduler_test::scheduler_places_within_same_provider: test
scheduler_test::scheduler_run_cycle_returns_active_vm_count: test
scheduler_test::scheduler_run_stops_on_shutdown_signal: test
scheduler_test::scrape_failure_does_not_crash_cycle: test
scheduler_test::underload_drain_failure_preserves_timer: test
scheduler_test::underload_drain_updates_intermediate_capacity_between_indexes: test
scheduler_test::underload_triggers_drain: test
scheduler_test::unplaced_index_assignment_is_region_aware: test
scheduler_test::unplaced_index_gets_assigned_to_active_vm: test
ses_bounce_complaint_handler_test::complaint_suppresses_recipient_and_writes_correlated_audit_row: test
ses_bounce_complaint_handler_test::hard_bounce_suppresses_recipient_and_writes_correlated_audit_row: test
ses_bounce_complaint_handler_test::ses_sns_route_exists_and_rejects_malformed_outer_envelope: test
ses_bounce_complaint_handler_test::ses_sns_route_rejects_invalid_signature: test
ses_bounce_complaint_handler_test::ses_sns_route_rejects_malformed_inner_ses_json: test
ses_bounce_complaint_handler_test::ses_sns_route_rejects_unsupported_sns_type: test
ses_bounce_complaint_handler_test::ses_sns_route_rejects_untrusted_signing_cert_url_host: test
ses_bounce_complaint_handler_test::ses_sns_route_rejects_untrusted_subscribe_url_host: test
ses_bounce_complaint_handler_test::subscription_confirmation_confirms_verified_request: test
ses_bounce_complaint_handler_test::transient_bounce_event_is_ignored_without_suppression_or_audit: test
signup_abuse_test::register_rejects_disposable_domain_without_creating_customer_or_stripe_customer: test
signup_abuse_test::skip_email_verification_is_ignored_outside_local_environment: test
signup_abuse_test::skip_email_verification_uses_shared_post_verification_stripe_path_exactly_once: test
signup_abuse_test::stripe_customer_is_created_only_after_email_verification: test
ssh_provisioner_test::bare_metal_server_deserializes_correctly: test
ssh_provisioner_test::bare_metal_server_private_ip_optional: test
ssh_provisioner_test::ssh_config_defaults_from_env: test
ssh_provisioner_test::ssh_config_from_env: test
ssh_provisioner_test::ssh_config_rejects_empty_key_path: test
ssh_provisioner_test::ssh_config_rejects_empty_servers: test
ssh_provisioner_test::ssh_config_rejects_invalid_port: test
ssh_provisioner_test::ssh_config_rejects_missing_key_path: test
ssh_provisioner_test::ssh_config_rejects_missing_servers: test
ssh_provisioner_test::ssh_status_mapping_complete: test
ssm_live_test::ssm_live_node_secret_rotation_delete_removes_current_and_previous_parameters: test
storage_bucket_repo_test::create_and_get_bucket: test
storage_bucket_repo_test::deleted_name_can_be_reused: test
storage_bucket_repo_test::duplicate_active_name_conflicts: test
storage_bucket_repo_test::get_by_name_returns_active_only: test
storage_bucket_repo_test::increment_egress: test
storage_bucket_repo_test::increment_on_nonexistent_returns_not_found: test
storage_bucket_repo_test::increment_size_positive_and_negative: test
storage_bucket_repo_test::list_all_returns_active_across_customers: test
storage_bucket_repo_test::list_by_customer_excludes_deleted: test
storage_bucket_repo_test::update_egress_watermark: test
storage_key_repo_test::create_and_get_by_access_key: test
storage_key_repo_test::duplicate_access_key_conflicts: test
storage_key_repo_test::duplicate_garage_access_key_id_conflicts: test
storage_key_repo_test::get_by_access_key_returns_none_for_revoked: test
storage_key_repo_test::get_returns_none_for_missing_key: test
storage_key_repo_test::list_active_for_bucket: test
storage_key_repo_test::list_active_for_different_bucket_returns_empty: test
storage_key_repo_test::revoke_nonexistent_returns_not_found: test
storage_key_repo_test::revoke_twice_returns_not_found: test
storage_load_test::manual_delete_list_churn_keeps_visibility_and_totals_consistent: test
storage_load_test::manual_put_get_load_harness_converges_bucket_metering: test
storage_s3_bucket_lifecycle_integration_test::bucket_list_returns_seeded_bucket: test
storage_s3_bucket_lifecycle_integration_test::delete_bucket_completes_local_cleanup_after_prior_garage_delete: test
storage_s3_bucket_lifecycle_integration_test::delete_bucket_returns_internal_error_when_garage_delete_fails: test
storage_s3_bucket_lifecycle_integration_test::delete_bucket_soft_deletes_bucket_and_revokes_key: test
storage_s3_bucket_lifecycle_integration_test::list_objects_v2_proxied_to_garage: test
storage_s3_bucket_lifecycle_integration_test::revoked_key_returns_invalid_access_key_id: test
storage_s3_bucket_lifecycle_integration_test::wrong_secret_returns_signature_does_not_match: test
storage_s3_bucket_routes_test::create_bucket_with_bucket_scoped_key_returns_access_denied: test
storage_s3_bucket_routes_test::delete_bucket_nonexistent_returns_no_such_bucket: test
storage_s3_bucket_routes_test::head_bucket_forwards_to_garage: test
storage_s3_bucket_routes_test::head_bucket_nonexistent_returns_not_found: test
storage_s3_bucket_routes_test::head_bucket_wrong_bucket_id_returns_forbidden: test
storage_s3_bucket_routes_test::list_buckets_empty_returns_xml: test
storage_s3_bucket_routes_test::list_buckets_only_returns_authenticated_bucket: test
storage_s3_bucket_routes_test::list_objects_v2_forwards_query_to_garage: test
storage_s3_concurrent_metering_test::concurrent_delete_put_recreate_aggregates_are_correct: test
storage_s3_concurrent_metering_test::concurrent_put_delete_initially_empty_aggregates_are_correct: test
storage_s3_concurrent_metering_test::concurrent_put_put_overwrite_aggregates_are_correct: test
storage_s3_concurrent_metering_test::wait_for_aggregate_does_not_finish_before_blocked_metering_writes_complete: test
storage_s3_error_test::auth_internal_maps_to_internal_error: test
storage_s3_error_test::auth_invalid_key_maps_to_invalid_access_key: test
storage_s3_error_test::auth_malformed_maps_to_authorization_header_malformed: test
storage_s3_error_test::auth_signature_mismatch_maps_to_signature_does_not_match: test
storage_s3_error_test::auth_time_skew_maps_to_request_time_too_skewed: test
storage_s3_error_test::garage_error_xml_is_parsed_into_s3_response: test
storage_s3_error_test::garage_error_xml_missing_message_falls_back_to_internal_error: test
storage_s3_error_test::garage_error_xml_with_non_whitespace_outside_root_falls_back_to_internal_error: test
storage_s3_error_test::known_s3_codes_map_to_correct_status: test
storage_s3_error_test::malformed_garage_error_xml_falls_back_to_internal_error: test
storage_s3_error_test::non_error_xml_falls_back_to_internal_error: test
storage_s3_error_test::proxy_connect_error_maps_to_internal_error: test
storage_s3_error_test::proxy_internal_error_maps_to_internal_error: test
storage_s3_error_test::s3_error_response_into_response_sets_xml_content_type: test
storage_s3_error_test::s3_error_response_produces_status_and_xml: test
storage_s3_error_test::unknown_code_falls_back_to_internal_error: test
storage_s3_extractor_test::extension_context_short_circuits_authentication: test
storage_s3_extractor_test::invalid_signature_returns_signature_does_not_match_xml: test
storage_s3_extractor_test::missing_authorization_returns_header_malformed_xml: test
storage_s3_extractor_test::unknown_access_key_returns_invalid_access_key_id_xml: test
storage_s3_extractor_test::valid_sigv4_extracts_context: test
storage_s3_integration_test::garage_404_propagated_to_client: test
storage_s3_integration_test::lifecycle_put_get_delete_with_metering: test
storage_s3_integration_test::rate_limit_burst_returns_slowdown_xml: test
storage_s3_integration_test::security_headers_present_on_s3_response: test
storage_s3_integration_test::shared_signed_router_harness_smoke_lists_seeded_bucket: test
storage_s3_integration_test::suspended_customer_returns_access_denied: test
storage_s3_integration_test::unauthenticated_request_returns_s3_xml_error: test
storage_s3_integration_test::wrong_bucket_key_returns_access_denied: test
storage_s3_object_metering_concurrency_test::same_key_delete_put_recreate_keeps_bucket_totals_correct: test
storage_s3_object_metering_concurrency_test::same_key_put_delete_keeps_bucket_totals_correct: test
storage_s3_object_metering_concurrency_test::same_key_put_put_overwrite_keeps_bucket_totals_correct: test
storage_s3_object_routes_test::delete_object_heads_then_deletes_and_meters: test
storage_s3_object_routes_test::delete_object_zero_byte_still_decrements_object_count: test
storage_s3_object_routes_test::get_object_forwards_and_meters_egress: test
storage_s3_object_routes_test::get_object_multi_segment_key: test
storage_s3_object_routes_test::head_object_forwards_to_garage: test
storage_s3_object_routes_test::head_object_wrong_bucket_returns_forbidden: test
storage_s3_object_routes_test::put_object_forwards_to_garage_and_meters: test
storage_s3_object_routes_test::put_object_nonexistent_bucket_returns_no_such_bucket: test
storage_s3_object_routes_test::put_object_overwrite_updates_metering_by_delta_only: test
storage_s3_proxy_test::forward_get_passes_through_response_body: test
storage_s3_proxy_test::forward_preserves_query_string: test
storage_s3_proxy_test::forward_put_sends_body_to_garage: test
storage_s3_proxy_test::forward_signs_with_garage_credentials: test
storage_s3_proxy_test::garage_404_translates_to_s3_nosuchkey_via_error_mapper: test
storage_s3_proxy_test::garage_409_translates_to_s3_bucket_conflict_via_error_mapper: test
storage_s3_proxy_test::proxy_connection_failure_maps_to_s3_internal_error_xml: test
storage_s3_proxy_test::response_headers_are_filtered: test
storage_s3_proxy_test::upstream_403_is_preserved: test
storage_s3_proxy_test::upstream_404_is_preserved: test
storage_s3_proxy_test::upstream_409_is_preserved: test
storage_s3_proxy_test::upstream_connection_failure_returns_error: test
storage_s3_xml_test::error_response_escapes_special_characters: test
storage_s3_xml_test::error_response_produces_valid_xml: test
storage_s3_xml_test::list_buckets_empty_produces_valid_xml: test
storage_s3_xml_test::list_buckets_with_entries: test
storage_s3_xml_test::list_objects_v2_empty_produces_valid_xml: test
storage_s3_xml_test::list_objects_v2_truncated_includes_continuation_token: test
storage_s3_xml_test::list_objects_v2_with_objects: test
storage_service_test::create_access_key_deletes_garage_key_when_repo_insert_fails: test
storage_service_test::create_access_key_rejects_bucket_customer_mismatch: test
storage_service_test::create_access_key_rejects_deleted_bucket: test
storage_service_test::create_access_key_returns_decrypted_secret: test
storage_service_test::create_bucket_deletes_garage_bucket_when_repo_insert_conflicts: test
storage_service_test::create_bucket_persists_to_repo: test
storage_service_test::create_bucket_uses_unique_internal_garage_aliases: test
storage_service_test::delete_bucket_marks_deleted: test
storage_service_test::delete_bucket_rejects_deleted_bucket: test
storage_service_test::delete_bucket_revokes_active_access_keys: test
storage_service_test::delete_nonexistent_bucket_errors: test
storage_service_test::get_bucket_returns_none_for_deleted_bucket: test
storage_service_test::get_bucket_returns_none_for_missing: test
storage_service_test::list_buckets_for_customer: test
storage_service_test::revoke_access_key: test
storage_service_test::revoke_access_key_rejects_already_revoked_key: test
tenant_repo_test::count_by_customer_excludes_terminated_deployments: test
tenant_repo_test::count_by_customer_is_accurate: test
tenant_repo_test::create_defaults_service_type_to_flapjack: test
tenant_repo_test::create_duplicate_returns_conflict: test
tenant_repo_test::create_inserts_and_returns_tenant: test
tenant_repo_test::delete_non_existent_returns_false: test
tenant_repo_test::delete_removes_and_returns_true: test
tenant_repo_test::find_by_customer_excludes_terminated_deployments: test
tenant_repo_test::find_by_customer_includes_service_type_in_summary: test
tenant_repo_test::find_by_customer_returns_all_with_deployment_info: test
tenant_repo_test::find_by_deployment_returns_all_indexes_on_vm: test
tenant_repo_test::find_by_name_excludes_terminated_deployment: test
tenant_repo_test::find_by_name_includes_service_type_in_summary: test
tenant_repo_test::find_by_name_returns_single: test
tenant_repo_test::pg_tenant_bulk_lookup_is_single_any_query: test
tenant_repo_test::pg_tenant_bulk_lookup_matches_raw_per_vm_semantics: test
tenants_test::create_tenant_duplicate_email_returns_409: test
tenants_test::create_tenant_missing_auth_returns_401: test
tenants_test::create_tenant_returns_201: test
tenants_test::create_tenant_succeeds_when_invoice_repo_read_fails: test
tenants_test::delete_tenant_already_deleted_returns_404: test
tenants_test::delete_tenant_not_found_returns_404: test
tenants_test::delete_tenant_returns_204: test
tenants_test::delete_tenant_returns_404_when_soft_delete_reports_missing: test
tenants_test::get_tenant_not_found_returns_404: test
tenants_test::get_tenant_returns_200: test
tenants_test::get_tenant_returns_200_for_deleted_tenant: test
tenants_test::list_tenants_empty_returns_200_with_empty_array: test
tenants_test::list_tenants_includes_deleted: test
tenants_test::list_tenants_returns_200_with_data: test
tenants_test::list_tenants_returns_billing_health_from_invoice_signals: test
tenants_test::list_tenants_returns_index_count: test
tenants_test::update_tenant_billing_plan_returns_200: test
tenants_test::update_tenant_billing_plan_with_name_returns_200: test
tenants_test::update_tenant_deleted_returns_404: test
tenants_test::update_tenant_duplicate_email_returns_409: test
tenants_test::update_tenant_duplicate_email_stays_409_when_invoice_lookup_fails: test
tenants_test::update_tenant_empty_body_returns_400: test
tenants_test::update_tenant_invalid_billing_plan_returns_400: test
tenants_test::update_tenant_invoice_repo_failure_short_circuits_before_mutation: test
tenants_test::update_tenant_not_found_returns_404: test
tenants_test::update_tenant_not_found_stays_404_when_invoice_lookup_fails: test
tenants_test::update_tenant_returns_200: test
tenants_test::update_tenant_with_only_unknown_fields_returns_400: test
version_test::version_falls_back_to_local_dev_when_env_vars_unset: test
version_test::version_returns_provenance_and_capabilities: test
vm_autorepair_test::vm_autorepair_closed_rule_set_covers_liveness_and_isolated_refusals: test
vm_autorepair_test::vm_autorepair_concurrent_passes_complete_one_exact_lifecycle: test
vm_autorepair_test::vm_autorepair_contradictory_healthy_engine_on_dead_host_is_indeterminate: test
vm_autorepair_test::vm_autorepair_dead_states_become_host_dead_only_at_window: test
vm_autorepair_test::vm_autorepair_dead_states_wait_full_window_before_host_dead: test
vm_autorepair_test::vm_autorepair_disabled_loop_preserves_unfinished_replacement_without_mutation: test
vm_autorepair_test::vm_autorepair_engine_down_emits_structured_observation: test
vm_autorepair_test::vm_autorepair_failed_retryable_phase_keeps_same_attempt_active: test
vm_autorepair_test::vm_autorepair_fleet_guardrails_serialize_cross_vm_admission: test
vm_autorepair_test::vm_autorepair_guardrail_boundaries_are_exact: test
vm_autorepair_test::vm_autorepair_guardrail_history_summarizes_canonical_event_order: test
vm_autorepair_test::vm_autorepair_indeterminate_and_region_fanout_regressions_do_not_replace: test
vm_autorepair_test::vm_autorepair_invalid_state_provider_error_is_indeterminate: test
vm_autorepair_test::vm_autorepair_kill_switch_defaults_disabled_for_all_environments: test
vm_autorepair_test::vm_autorepair_kill_switch_parses_explicit_true_false: test
vm_autorepair_test::vm_autorepair_kill_switch_rejects_malformed_values: test
vm_autorepair_test::vm_autorepair_lifecycle_admission_is_stable_until_attempt_terminal: test
vm_autorepair_test::vm_autorepair_multi_violation_precedence_is_stable: test
vm_autorepair_test::vm_autorepair_not_configured_provider_is_indeterminate_and_consults_status_seam: test
vm_autorepair_test::vm_autorepair_placement_failure_is_durable_and_stops_retirement: test
vm_autorepair_test::vm_autorepair_provider_errors_and_missing_evidence_are_indeterminate: test
vm_autorepair_test::vm_autorepair_reconciler_completes_admitted_replacement_in_order: test
vm_autorepair_test::vm_autorepair_reconciler_dead_window_ignores_generic_indeterminate_observations: test
vm_autorepair_test::vm_autorepair_reconciler_disabled_host_dead_records_once_without_mutation: test
vm_autorepair_test::vm_autorepair_reconciler_non_dead_outcomes_are_observed_without_mutation: test
vm_autorepair_test::vm_autorepair_reconciler_records_new_disabled_incident_after_recovery: test
vm_autorepair_test::vm_autorepair_restart_after_partial_placement_moves_only_source_tenants: test
vm_autorepair_test::vm_autorepair_restart_after_provider_create_recovers_durable_hostname: test
vm_autorepair_test::vm_autorepair_restart_from_replacement_provisioning_completes_once: test
vm_autorepair_test::vm_autorepair_restart_from_tenants_replaced_retires_then_tears_down: test
vm_autorepair_test::vm_autorepair_restart_resumes_teardown_after_source_decommission: test
vm_autorepair_test::vm_autorepair_retirement_refusal_blocks_teardown: test
vm_autorepair_test::vm_autorepair_run_loop_resumes_work_and_obeys_shutdown: test
vm_autorepair_test::vm_autorepair_running_healthy_is_live_and_non_mutating: test
vm_autorepair_test::vm_autorepair_running_unhealthy_or_unreachable_is_engine_down_not_host_dead: test
vm_autorepair_test::vm_autorepair_settings_parse_typed_env_overrides: test
vm_autorepair_test::vm_autorepair_settings_reject_invalid_timing_values: test
vm_autorepair_test::vm_autorepair_tenant_replacement_placement_is_source_checked_and_idempotent: test
vm_autorepair_test::vm_autorepair_terminated_host_remains_resolvable_for_dead_detection: test
vm_autorepair_test::vm_autorepair_uncertain_instance_statuses_fail_closed: test
vm_health_rollup_test::all_healthy_rolls_up_to_healthy: test
vm_health_rollup_test::healthy_plus_unknown_rolls_up_to_unknown: test
vm_health_rollup_test::unhealthy_plus_unknown_rolls_up_to_unhealthy: test
vm_health_rollup_test::unhealthy_wins_over_healthy: test
vm_health_rollup_test::zero_deployments_rolls_up_to_unknown: test
vm_host_metrics_repo_test::vm_host_metrics_repo_round_trips_and_returns_latest_sample: test
vm_inventory_test::tenant_repo_find_by_tenant_id_global: test
vm_inventory_test::tenant_repo_find_raw_returns_vm_id_and_tier: test
vm_inventory_test::tenant_repo_set_vm_id_and_list_by_vm: test
vm_inventory_test::tenant_repo_tier_transitions: test
vm_inventory_test::vm_inventory_create_and_get: test
vm_inventory_test::vm_inventory_find_by_hostname: test
vm_inventory_test::vm_inventory_list_active_excludes_decommissioned: test
vm_inventory_test::vm_inventory_list_active_filters_by_region: test
vm_inventory_test::vm_inventory_new_vm_has_null_load_scraped_at: test
vm_inventory_test::vm_inventory_set_status: test
vm_inventory_test::vm_inventory_update_load: test
vm_lifecycle_events_repo_test::vm_lifecycle_events_append_lists_all_event_types_with_json_detail_oldest_first: test
vm_lifecycle_events_repo_test::vm_lifecycle_events_direct_sql_update_and_delete_are_rejected: test
vm_lifecycle_events_repo_test::vm_lifecycle_events_list_isolates_two_vm_ids: test
vm_lifecycle_events_repo_test::vm_lifecycle_events_rejects_unknown_vm_and_invalid_details: test
webhook_alert_test::deprecated_subscription_events_do_not_emit_alerts: test
webhook_alert_test::dispute_created_emits_single_alert_with_invoice_metadata_when_resolved: test
webhook_alert_test::dispute_funds_reinstated_and_closed_do_not_emit_alerts: test
webhook_alert_test::dispute_funds_withdrawn_unresolved_mapping_emits_single_alert_with_lookup_metadata: test
webhook_alert_test::payment_action_required_sends_warning_alert_without_suspending_customer: test
webhook_alert_test::payment_failed_critical_alert_failure_is_swallowed: test
webhook_alert_test::payment_failed_exhausted_retries_sends_critical_alert: test
webhook_alert_test::payment_failed_for_unknown_invoice_is_ignored: test
webhook_alert_test::payment_failed_warning_alert_failure_is_swallowed: test
webhook_alert_test::payment_failed_with_retries_keeps_invoice_finalized_and_customer_active: test
webhook_alert_test::payment_failed_with_retries_sends_warning_alert: test
webhook_alert_test::payment_recovery_succeeds_even_when_reactivate_fails: test
webhook_alert_test::payment_succeeded_after_failed_invoice_sends_recovery_info_alert: test
webhook_alert_test::payment_succeeded_recovery_alert_failure_is_swallowed: test
webhook_alert_test::payment_succeeded_replay_is_idempotent: test
webhook_alert_test::payment_succeeded_without_prior_failure_does_not_send_recovery_alert: test
webhook_dunning_email_test::dunning_email_delivery_failure_is_swallowed: test
webhook_dunning_email_test::dunning_emails_disabled_suppresses_delivery_but_keeps_alerting_and_state_transitions: test
webhook_dunning_email_test::payment_failed_exhausted_retries_sends_exhausted_dunning_email: test
webhook_dunning_email_test::payment_failed_with_retries_sends_retry_scheduled_dunning_email: test
webhook_dunning_email_test::payment_failed_without_next_payment_attempt_does_not_suspend_customer_or_fail_invoice: test
webhook_dunning_email_test::payment_succeeded_after_failed_invoice_sends_recovery_dunning_email: test
webhook_dunning_email_test::payment_succeeded_skips_recovery_email_when_reactivate_errors: test
webhook_dunning_email_test::payment_succeeded_skips_recovery_email_when_reactivate_returns_false: test
webhook_dunning_email_test::payment_succeeded_without_prior_failure_does_not_send_recovery_dunning_email: test
webhook_lag_publisher_test::webhook_lag_publisher_sends_webhook_backlog_metric: test

1594 tests, 0 benchmarks

exit_code=0
